,baseMean,log2FoldChange,lfcSE,pvalue,padj
OVCH1,3.0180394634638392,-1.7931917250085967,0.4608369761790412,5.378190680877775e-06,0.0007717174298867919
MYO3B,2.435460413429997,1.024990846107546,0.7762381244643691,0.0008355337375256512,0.033911103088908136
MCM10,4.569876976345551,1.0930096677344598,0.32756092759914207,4.008718904177931e-05,0.0037366245122363202
AVPR2,3.4609137916709276,-1.1138245894997199,0.4788341188588691,0.00018658582192740858,0.011636016910702589
FER1L4,4.179913878168352,1.381516111106993,0.32642654350815303,4.13393195386309e-06,0.000635636203846128
P2RX2,2.5174460609987976,-1.529117491278897,0.6337716641521132,0.0001032402160454837,0.007580781578196946
NMU,2.7162664925034252,2.261532150060021,0.5452277392406326,8.496831942950552e-07,0.00019349114766288662
GCNT3,5.508797446758403,1.1277444337286875,0.266333332565625,5.405024800763523e-06,0.0007717174298867919
ZYG11A,2.4883443650961232,2.719394957779342,0.5874713872169564,3.5880120446988974e-08,1.698640439056136e-05
HNF4G,4.263374429188687,1.206741484484306,0.342625722009778,2.6760315861033155e-05,0.0027198761714123526
AKR1B10,3.215435703265937,2.5256750595740676,0.516221400951034,1.907406108334111e-08,1.1832495134114018e-05
PPAPDC1A,2.2961979626066937,1.0718551761475286,0.8825568131736403,0.0008294686045636899,0.033911103088908136
FAM155B,3.067838886797996,1.319987632407144,0.499995074758581,0.00010030492793312985,0.00742586688690126
KLK5,2.4103374715485986,-1.266098947815628,0.83068678512427,0.00043685796274952043,0.022326916903022364
MB,4.2286663744554245,1.2672931984686782,0.34165763815847355,1.755366617726462e-05,0.0019493237933888303
C16orf59,3.9566040168654206,1.157058870040531,0.3742997359063841,5.811693096752171e-05,0.00484571710091177
B3GNT6,3.223240772978093,1.914316568044365,0.4803838303707623,3.265916862027316e-06,0.0005245878959631376
B3GNT3,6.093561678545518,1.1045048004873501,0.2400751379069275,1.5959044427303608e-06,0.00029598268994555867
ANGPT4,2.773721495212355,-2.216196024869044,0.5029710589972398,3.883453504939089e-07,0.00010452272544016227
ACOXL,5.567221572753905,-1.006742070789879,0.29027018841043545,3.291245417908503e-05,0.003183306724095375
OTC,1.6317359758860854,-1.135230984646222,1.0812199657773363,0.0006020496420421206,0.027213248895320983
PLA2G3,4.457287006719207,-1.036515430264505,0.38466137497295816,0.00011311974749486817,0.008011906525325505
FRMD5,2.884318516984232,1.9299558742529275,0.47302659524657353,2.4105348040457217e-06,0.00040910868985643894
KRT4,6.262145091491704,-1.2458693773484844,0.24623555693672067,1.7334133829110614e-07,5.28544182348644e-05
ST8SIA6,3.6027100214764167,-1.6413355889308123,0.36859050258297293,1.2828950825690676e-06,0.0002545490804906597
TFAP2A,4.785743177541811,1.3329160763926147,0.2901797017261983,1.2496064399215033e-06,0.0002545490804906597
PRSS3,2.193994100173804,1.0242320649995502,0.8785453222942028,0.0009526615089446895,0.03677764065646988
ACTN2,3.9305888726131037,-1.3711154823432459,0.3402886725322622,7.4405001513305e-06,0.000982416961616736
SALL4,2.5124362126376885,1.3229507141186978,0.676433750132587,0.00024873710070079114,0.014698261416528711
PTPRH,4.24207618196428,1.9007173942339894,0.33883508548002417,2.4967076601915792e-09,2.363987937202448e-06
PCSK2,4.596035059734936,-1.1379428703210845,0.39898999207812585,8.517009236927836e-05,0.00657600841941338
DUSP27,2.3823748353727185,-1.1458348595769223,0.7491011807758675,0.000540431940695734,0.02533169992897892
YBX2,2.6017418214605015,1.649039153493118,0.6010458400459572,5.4869322613781094e-05,0.0046781948522365965
ODAM,3.213219514173168,-2.46347037262034,0.518656054396114,4.4769021533051206e-08,1.873010924138584e-05
ALAS2,3.0482753792289734,-1.8649036425963783,0.44488505909568393,1.983097815242164e-06,0.0003497640166294758
C20orf202,3.574244301202198,-1.0523278542390488,0.4613782258529584,0.00020632167999236114,0.012539618321157355
E2F8,4.593008459166538,1.1682091082022192,0.3060972340693352,1.5143301936695854e-05,0.0017133836593783548
TMC2,2.212190019440323,-1.3065576014725686,0.8249434262734582,0.0003823471755375542,0.020532613993792838
ZNF695,2.1021982690692163,2.0412185991970473,0.7524304964404366,2.4711697372166332e-05,0.0025403624898586987
LGI3,7.399079855463423,-1.2583226891574832,0.22067958289121373,5.1524508619063726e-09,3.862191291903986e-06
CAV3,2.0797083223373685,-1.9974283471784877,0.7115919935409313,2.455993031583313e-05,0.00253927095621746
CYP24A1,4.927535553713134,1.9952943275284807,0.3280848760071008,1.186116938744538e-10,2.66728046600178e-07
ADCY8,3.1283461123490506,-2.917997103869585,0.5458824780955157,6.191166085649138e-10,7.955648420059143e-07
RBP2,2.6314205556579044,-2.63050388969512,0.5624612440303641,3.790047827038435e-08,1.704574010210536e-05
KCNA4,3.0710739117321144,-1.7250762691703956,0.4590266939473684,8.397475279146119e-06,0.001065147006710129
KRT14,1.8805316147405964,1.1306726365079565,1.0645035421131883,0.0006309029402858109,0.027955526836802313
SERPINB5,4.123411221583845,1.6663264053768232,0.3596289794474258,5.982516168951534e-07,0.00014743214504032615
PTPRQ,3.9887566932691856,-1.8323053976305521,0.3521411760023728,2.7313063338531112e-08,1.499933376987564e-05
PTPRN,2.4004653826034077,1.007694117956774,0.7769027748626044,0.0008832013131445876,0.03484384127954195
TCN1,3.073044363899498,1.4817202365577093,0.6077755524223677,0.00010764168208495085,0.007771949282317082
LOC84740,5.7883705655601725,1.4802837321867954,0.2602110724098202,3.893831126396416e-09,3.3357153316129295e-06
SLCO1A2,4.152593668104586,-2.1335208132530914,0.38680062956669836,2.2972474257390798e-09,2.295971177169225e-06
KRT16,3.214450856709979,2.882573388317976,0.5294780117057325,4.012975379901542e-10,6.563038825857158e-07
CMTM5,1.605280155047727,-1.0284872457516712,1.0419844097494253,0.0008415300153861243,0.033911103088908136
COL11A1,4.951715600188992,1.943757874479131,0.33009030632371417,4.38360433420042e-10,6.571753497688797e-07
FIGF,7.1200575829568935,-1.054050479858086,0.22577450220753342,1.281679398612096e-06,0.0002545490804906597
ONECUT2,2.48615828446274,1.466350333219474,0.6772764835694217,0.00015480607018148913,0.010201323086318643
C13orf36,4.433311502190753,-2.4334282835056067,0.3856059454160613,8.331628804019844e-12,2.4981000364052836e-08
CPB2,6.212052927347594,-1.4398019313874832,0.2583763340535116,8.159510275786583e-09,5.596782185958405e-06
FCN3,8.148422464869233,-1.001973834853957,0.2000410291319414,2.975079896393593e-07,8.495505926368371e-05
SGOL1,3.6005583440404245,1.2174966572955848,0.42110685654321783,7.607119660760789e-05,0.006024032055457083
CR2,3.981582334033071,1.3344219293741106,0.3675529143632525,1.93164691040122e-05,0.002101856816586653
PAEP,3.318339304777485,1.6651068298055,0.46804076975476666,1.424227458307744e-05,0.0016424264086510457
HSPB3,2.7420804491800292,-1.1630305656623543,0.6210277737917971,0.0003393565119622644,0.018784688154465035
CYP2F1,2.3733850838038224,-1.129748790422493,1.0558537136198172,0.0006429482521385639,0.028349605529345012
LOC283392,1.8802299359003523,-1.1738233012695964,0.9527910614328201,0.0006286521153114566,0.027955526836802313
GPC5,3.7101577337560365,-1.3364124549384198,0.36681883433988427,1.8788417158029312e-05,0.00206099771142041
RGS17,2.709186055035897,1.5999690291944768,0.5403875648365078,4.367639001445407e-05,0.0039683750321213565
EEF1A2,5.253625089617877,1.4411656602369616,0.28700124004886823,1.547168994714108e-07,4.798891416363242e-05
MND1,3.101664882322268,1.2196301089594752,0.5250772164612993,0.00017263680760134042,0.011091914888386123
RAB26,2.7384558074465577,1.144629704528817,0.6241494064191389,0.00036498669565703423,0.019777441731536283
WNT3A,4.902531061216197,-1.7469072691784426,0.3035161207156589,1.5417008606574558e-09,1.733449905201727e-06
TRHDE,4.569714737016215,-1.2996097411743075,0.3073191423919232,4.6258337389297745e-06,0.0006993172181793836
IL31RA,2.880879225312578,2.045520157569909,0.4733502919280239,8.352917271184392e-07,0.00019265254065206053
KIF14,4.819266839966638,1.0376076881246419,0.32212710273340595,4.987846554914655e-05,0.004377139488922665
AGRP,2.9935041298886316,-1.4463998967721492,0.4824799389933716,5.130619986522164e-05,0.004474376071232796
KRT79,2.3029594788354077,-1.0020455380349182,0.7895784120378134,0.0009197685988901824,0.03589874598598838
IHH,4.045056564260133,-1.6431637951058797,0.3772668990385264,1.8159404939381621e-06,0.0003333547906729341
DNAJC22,3.404106677864535,1.372484377261844,0.40963848627943444,3.138125613759674e-05,0.0030849661088271333
MS4A15,7.368572890395766,-1.0776045578260798,0.2211770866785773,5.226073126807544e-07,0.00013241838810037706
LOC100131726,1.8855062937260088,2.4274831477347387,0.869751036393379,7.481441008420947e-06,0.000982416961616736
GAL,1.8549636935968135,1.0063828436480782,1.0605666932099522,0.0008448623739037176,0.033911103088908136
CLEC4M,2.491425615808957,-1.8132223857045855,0.6665680199022126,4.1386342436603785e-05,0.003779392387992397
DEFA1B,2.496636429113621,-1.7510714635026878,0.6417348339010258,4.639081254524464e-05,0.004152093122830602
CXCL13,5.386281761219977,1.6012196255984001,0.28578567230990504,5.080719628404296e-09,3.862191291903986e-06
CDC25C,3.3786426538399748,1.6636201969227649,0.39043940834147656,2.4007501552977893e-06,0.00040910868985643894
LOC723809,5.401372731135078,-1.1337651195460074,0.2789356235028689,8.593816201468685e-06,0.0010811381361148366
ITLN2,5.100065036312499,-2.2509727897735443,0.3366650755170619,1.179413276106328e-12,8.50590326077319e-09
ITLN1,4.3994996915028,-1.471178338805007,0.32010056877504417,1.00081848937128e-06,0.00022228055091097934
SOSTDC1,6.066445735484537,-1.323889709303273,0.2588203737838558,1.1701257655293496e-07,3.9718042494099997e-05
ATP10B,3.347814360799918,2.136554400479658,0.423288890364748,2.7514064169310512e-08,1.499933376987564e-05
ABCA12,3.5431761114270652,3.2537776585394935,0.5244605495885709,1.8912514198495143e-12,8.50590326077319e-09
HHIPL2,2.795052558733445,2.844059062335599,0.5644858437062501,3.6950185789856274e-09,3.323669211797572e-06
C1orf87,3.703215491035422,-1.1764472321325485,0.4889632253647917,0.00015924439379836266,0.010417478707027434
COCH,4.48487641366114,1.0512842019359712,0.3504935767530572,7.081208595737888e-05,0.005661819672769982
ERVFRDE1,2.5732552680999947,-1.3484947394040496,0.6395469830337921,0.000198385144758541,0.012180712471693353
AWAT2,1.773253033382457,-1.1396639946334766,1.0295105394369966,0.0006539472978206529,0.028554640504353267
?|729884,3.0156760641834617,2.183593073322701,0.5113619210727837,6.972050717766851e-07,0.00016723625655016755
RETN,5.044932562456029,-1.0104036967584884,0.3413960033036943,7.634682093630989e-05,0.006024032055457083
SLITRK2,3.3478449173529903,-1.0149402602490079,0.566170223742156,0.00043403015833510427,0.02230915013842436
OR2W3,2.1024619000996405,-1.093931067050648,0.8621735415280917,0.0007644957283342556,0.03205322145216926
B4GALNT4,3.2023305032392386,1.4330475906334215,0.4929191813765018,5.982145573110995e-05,0.004936642149553522
CA9,3.6218087451074807,2.847644274185649,0.4774934536767132,2.24879725300962e-11,5.779408940234724e-08
CA4,6.0729684921214195,-1.5823049547640735,0.259913614989396,2.920740539764059e-10,5.254412231035542e-07
STRA6,3.5353818916850184,1.9540505623873707,0.40249472716009665,1.1468867450804644e-07,3.9677870276918374e-05
APCDD1L,2.291713753226665,1.0598167600998916,0.9378027904655704,0.0008698349435931788,0.03454377623673573
CHRM2,1.9691336176363574,-2.050962588887768,0.8334263367384444,3.123917269654765e-05,0.0030849661088271333
CHRM1,3.6305742081006427,-1.7685762901848254,0.39646751532211777,9.608942926319415e-07,0.00021608110405560785
MMP3,1.964447679883191,1.2272743165148496,1.001044266251843,0.0005313997119551373,0.025025866015897697
C9orf84,2.2140957296723642,1.3980183064687681,0.7943958315681151,0.00027158029797158875,0.015873447076545373
SCUBE1,5.817938165749245,-1.1910534272404782,0.2503797228688594,7.649324296918535e-07,0.00017871603130073304
CTNND2,4.3970043418029965,-1.1895400390022333,0.38535845197482177,5.729573539971631e-05,0.004839203191741298
SLC6A4,6.459423065105219,-2.0819307845842894,0.28128176119243353,1.1286711755501027e-14,2.030479444814635e-10
KIAA0408,6.230737367679558,-1.0712945353223688,0.24940724703207434,4.7082439813780014e-06,0.0007000108200412418
SLC5A9,4.874542552169812,-1.1931254445900257,0.2904563473204114,7.296117949604092e-06,0.000979531059055057
CCK,2.1094114975414273,-1.1749390394943198,0.877796656484385,0.0006087408556304835,0.027378119981981
HORMAD1,2.54877345658452,1.9539787097202281,0.6236715063574301,1.7180176102461703e-05,0.0019196979384055032
FGF11,4.649137465408303,1.039178039469399,0.33217233227297727,5.7982585399867485e-05,0.00484571710091177
FGF10,1.8784719728391575,-1.367854650164516,0.995818493068445,0.000357488315999074,0.01960736220982726
GLB1L3,2.259867189610902,1.7577118571482806,0.871613407911472,9.693038672487846e-05,0.007343944369534584
MMP1,5.737459342866265,1.157845617673937,0.2723653356748025,5.010594420717577e-06,0.0007269402711992679
OTX1,3.0169752959414406,1.7530875150526033,0.4543833497769963,6.305578503283216e-06,0.0008725950559543466
GYPE,4.098181531314127,-1.004271880026305,0.4113004074205875,0.00016616420025139723,0.010752855980297252
SLC4A1,2.3006263082804215,-1.8187098972143732,0.6344879251819641,3.370842186068728e-05,0.0032256090918817244
ASPG,3.4094058213952656,-1.8954054904072655,0.41605382226017257,4.954745331340393e-07,0.0001273369550154481
MYOC,3.8182809333634267,-1.7796617882006487,0.3690689316739423,2.0392397009458297e-07,6.11432037000258e-05
NOS1,3.6538576594772656,-1.2241044343070073,0.43359453642132867,8.383371003410518e-05,0.0065007260496273795
FGB,3.4648431288228565,1.414394656600381,0.603170757765914,0.00013382006678371125,0.009050462411424683
ITPKA,4.021930058236151,1.4895702494850929,0.34191308556422517,2.3626638855055927e-06,0.0004086954163485155
NEIL3,3.131069693856242,1.5679740035461993,0.4414176540214003,1.679323348123656e-05,0.0018881891895465356
FABP4,7.562469307264127,-1.1436204887220673,0.21088006860097885,2.9321080569294355e-08,1.515763175480568e-05
GRIA1,5.87207255630954,-1.2351429411648895,0.2523300449060795,3.8927307417959266e-07,0.00010452272544016227
GKN2,6.766129817790557,-1.2770064201719042,0.2400507872073983,4.294534736076764e-08,1.8394923786195472e-05
ADH1A,4.209189589484141,-1.1213076141679577,0.3890172135244853,8.210948619327035e-05,0.006422389811377972
RSPO2,4.955121602985053,-1.0205879729952894,0.3270361065904545,5.906537827212932e-05,0.004896710392237818
RSPO1,4.5112387450647375,-1.218489358213024,0.3140311877610978,1.2594968463699708e-05,0.0014772980857633228
TRPM8,2.0477775857194547,1.9585906533028694,0.9163093784453802,5.1586011186921944e-05,0.004474376071232796
LOC554202,2.185510792332296,1.5076698155400057,0.8874368987479598,0.00022338376562910922,0.013395579812225583
C8B,5.152659389521977,-1.31551022021873,0.283847341984848,1.0858291140889814e-06,0.00023254840193405685
PTCRA,3.1319635636514334,-1.273584498058713,0.48894514581047555,0.00011045086178734655,0.007884964299818905
CHRNA2,1.9116370563092546,-2.3452245489862937,0.765060634044753,7.0097185364774525e-06,0.0009481566651972133
ANKRD1,6.57053581182114,-1.3563008930245946,0.24361346151916627,9.645956352258571e-09,6.197526956326132e-06
CD5L,3.020401384144161,-1.8919755408650956,0.452198292249472,1.914240497191628e-06,0.0003443718654447739
FOLR3,3.410361517778719,-1.6889661691463487,0.39323006057784776,2.043295193902063e-06,0.00035688233532328264
CNTFR,3.5412254669895007,-1.3736551826564514,0.4149470515589896,3.360365844843492e-05,0.0032256090918817244
BARX2,4.870789146039654,1.2945987487682624,0.28447923607802283,1.5538448830525954e-06,0.000291184056730377
CABYR,4.038174543698677,1.3069210417161135,0.3406157674855929,1.2785742241713455e-05,0.0014839709866350003
KLK7,3.6329261406460702,-1.5713889409136959,0.39219946566027963,5.948945658871547e-06,0.0008296242821945669
CD300LG,4.959580703594705,-1.8222342746919347,0.3105741599503398,6.694010135756796e-10,8.028349489484317e-07
LRRC36,5.9213783705645024,-1.0811669598855729,0.2506759156141526,4.425861767018034e-06,0.0006747563829546986
NEK2,5.452547767307416,1.0844203786886077,0.26535384437119736,8.407497218056605e-06,0.001065147006710129
CACNA1S,1.8008026746406602,-2.050401714180363,0.9345554935322208,3.794316088274034e-05,0.003592618233055257
PTPN5,2.82619992368136,-2.0937280992330978,0.4848689057156647,7.466133053870283e-07,0.00017673122847253471
AGBL1,2.4398891043169324,-1.7120247703055287,0.6342972178088953,5.19665951013107e-05,0.004474376071232796
CNTD2,2.569201043992796,1.402098610979217,0.658273428068031,0.00017873746305256937,0.01136214473609796
NUF2,5.038433079583407,1.0842478218041107,0.29123612023445705,1.9511030992637866e-05,0.002101856816586653
GREM1,6.253408424122485,1.0757401187859807,0.2409282494948004,2.6974332125100705e-06,0.00044932243975052006
HBA1,8.862488730081118,-1.0284063161673287,0.19399358699865887,6.508724343560215e-08,2.5647188937231004e-05
TFR2,3.018967531660943,1.0415013924458054,0.5732512634250326,0.00041070741163260524,0.0215411846509346
CCDC141,5.484707994223235,-1.0533756791457702,0.27244398400936637,1.4577440071264432e-05,0.0016703703623060328
ADRA1A,2.6310087457227276,-2.1730710090392495,0.5278104288830446,1.186152061637204e-06,0.0002481264603355035
FGFBP2,4.374010378778073,-1.2892414634273004,0.33444774185893567,1.2496375381978065e-05,0.0014772980857633228
RPL13AP17,4.128608761363638,-1.8074103472084522,0.3507174245070794,3.75552920287597e-08,1.704574010210536e-05
PPP1R14D,2.73950949512488,2.4401869062684036,0.5585534461535536,2.3682477201805278e-07,6.984389587876672e-05
PCDH15,3.7921138275220794,-1.5737038024977432,0.3659777647741119,2.4842754440691547e-06,0.0004176833199888233
COL17A1,5.923586687623722,1.1455249351969141,0.24800797566731758,1.424805510917537e-06,0.0002726835227809201
GRIK4,3.320845716196348,-1.3140218715651597,0.4403767066099091,6.0725747675736426e-05,0.004988384478020541
GUCA2A,1.7719237030295625,-1.0281737526155323,1.0367256070842292,0.0008514247071609549,0.03391217002271179
KRT6B,2.768138832729736,2.0754351495490004,0.5459860274596988,3.604895074108059e-06,0.0005688777402035437
KRT6C,2.130481078411208,1.2869061728903073,1.0327744681594846,0.00043952037102817004,0.02236078068304578
DUSP13,1.7191040217337354,1.1399041897736713,1.1085181603951229,0.0005554325390929424,0.025686970124118337
SEC14L3,3.2870262695727424,-1.9797584267599908,0.46801241912926317,1.3437539970468687e-06,0.0002599369291061631
NXF3,3.2963700408952445,-2.0405370143727075,0.4192728711733824,8.644495456502383e-08,3.1737647604587325e-05
FAM150B,4.7639494336099,-1.3157753424527117,0.2936918266930423,1.9675869574621183e-06,0.0003497640166294758
GPR87,4.290281085015556,2.016161030837054,0.359582770875938,1.886124370947664e-09,1.9959633784322633e-06
HPSE2,2.8769170681706866,-1.093814630266001,0.6617029588408374,0.0004948150756830182,0.0241894652487432
MUC13,4.373027783026362,1.5424299084122286,0.34340883019805374,1.331644723775784e-06,0.0002599369291061631
ANGPTL7,3.018432715522506,-2.4207789840980727,0.489729460671757,2.0360768146876385e-08,1.2115317936941428e-05
ANGPTL5,2.016709146347897,-1.0613221289901915,0.875124251965729,0.0008515521687120264,0.03391217002271179
GPR115,3.270324515092438,2.168291590441152,0.45296806546082663,8.859482300818724e-08,3.187641731834577e-05
MMP11,6.724333757306217,1.2145951195628557,0.22760041878455853,4.284928380582389e-08,1.8394923786195472e-05
MMP12,4.898141687421011,1.4380356020784644,0.2968471856784002,3.622782710479365e-07,0.0001018341577523809
MMP13,3.7621955343535407,2.4766314904965303,0.5528116650034426,1.3775200831653285e-07,4.504300236076759e-05
C1orf61,1.7690210099143429,1.2655366403666355,1.0540023068514277,0.0004547550651981216,0.022852077158978232
CSF3,5.905869069799565,-1.377458608598806,0.29833443030378654,1.065495775162583e-06,0.00023177011438152797
WNT7A,5.125696551706239,-1.0911065113463139,0.2902136318540114,1.8003644226869645e-05,0.00198702797326003
CNTN6,5.0708495734131,-1.6216182873299558,0.2944762951869951,8.399839856635737e-09,5.596782185958405e-06
SFRP5,4.760350492526883,-1.1088013818455185,0.34495836786576495,4.890788562652256e-05,0.004313004227554612
FAM177B,2.1046218038817877,1.0099646308046601,0.9115769450159357,0.0010038827916015298,0.03810095236479223
PZP,3.0616413145797337,-1.0141800362215987,0.7096093921800902,0.0007403587141298895,0.031338948863992265
SYT12,4.126067077689925,1.624139467838969,0.3428615385303174,4.1747425029110665e-07,0.00011044649651083836
ZIC2,1.798425346774357,1.1998166271745128,1.1066635736824373,0.00048690648409538525,0.024064416617791153
ENTPD8,2.546347739082519,1.9824346870011442,0.5648663315329613,8.40281576947381e-06,0.001065147006710129
SPC24,2.2687755192256613,1.2791045341465332,0.7552956183035511,0.0003615367133228237,0.019684150248278368
RXRG,4.568768701720178,-1.2130955676603883,0.33505082028165745,2.201682774750577e-05,0.002329898418691934
MAP7D2,4.311723620674013,1.0785236590118317,0.3889633266424629,9.895881041661057e-05,0.0073827494671795234
LOC149620,4.07205780926578,-2.0605219800395576,0.3811261608965295,5.1370298521287364e-09,3.862191291903986e-06
HTR3A,2.682751903248049,2.6797661110141866,0.5722192781479899,3.183580610609495e-08,1.5909059773573562e-05
XDH,5.452540038233308,1.1236851608805833,0.263575877373547,4.977063966569417e-06,0.0007269402711992679
NGEF,4.843942740278319,1.4921177121494622,0.2970444705387216,1.4021168050044386e-07,4.504300236076759e-05
RASAL1,4.294284084946354,1.599284293385909,0.3178412200177061,1.0964092608562037e-07,3.867529922118256e-05
TRIM71,2.157854379780257,-1.5164006104368997,0.8115087578490978,0.00019278042877380588,0.011917937847562777
LY6D,2.2223577861436263,1.759492865719759,1.138242553181742,9.794612607138787e-05,0.007343944369534584
CDH19,2.7428222262878417,-2.058349316886825,0.49151391694828284,1.2724648568191424e-06,0.0002545490804906597
C2orf71,3.0173826788771843,-1.7774292005200418,0.4490844529210325,4.676685779329571e-06,0.0007000108200412418
NRG3,3.0474389606087797,-1.5283571195684094,0.4606141354957783,2.7359573140792967e-05,0.002759044333327373
RPH3A,2.1880915452601903,-1.4648308993895376,0.7729349627642582,0.0002089808328189124,0.012654202324864422
KRT6A,4.485166656394094,1.6119248226904037,0.34481034242614717,5.599711381980947e-07,0.0001399150107803295
BAIAP2L2,3.187558498406997,1.0206555721520003,0.5673402879419834,0.0004281872177627719,0.022071885523072397
HMGA2,2.5178421322086373,1.7782322248492475,0.638928449726029,4.092185501401223e-05,0.0037560416923575514
APOA1,2.631697864326354,-1.1451863615945321,0.6764264015612096,0.0004410227794559569,0.02236078068304578
DNASE1L3,5.731279015641015,-1.0524070467183841,0.2677645677815367,1.2604622196931599e-05,0.0014772980857633228
MYEOV,4.021525706564329,2.157944336935695,0.37418069528163767,5.093960639579126e-10,7.049257838925266e-07
MUC16,5.280833877456793,1.209216379835371,0.35355354344811457,3.220923653535346e-05,0.0031321306230865337
UPK3B,8.037524195258845,-1.1834796426853087,0.20794771208172472,6.083003236813818e-09,4.3773291292112234e-06
SPINK1,4.8238352617628895,1.2618280403184707,0.47177569615881904,0.00010100206066580138,0.0074468322597449465
MNX1,2.1857924374790665,1.3990190051383848,0.8194700482472419,0.00028423677033199307,0.016389165058565882
PITX1,4.400896105396193,2.1051422298627256,0.35450845496288963,2.129466660027403e-10,4.256567245988109e-07
CAMP,3.3782176958493415,-1.5793865827458518,0.39193871850564566,5.5214543046015465e-06,0.0007821335664549749
ACADL,6.232862060325327,-1.1239895410496537,0.2398853336745108,1.115614201284581e-06,0.0002361164644836425
OVCH2,1.994660682330109,-2.0789963140511762,0.7344899732003827,1.9511400131738246e-05,0.002101856816586653
SLC6A13,2.4940017103885155,-2.011313408339488,0.5503132278098587,5.848176363394362e-06,0.000821942912323942
HMGCS2,3.602117800574604,-1.0024084210800532,0.5987483810107633,0.0005238450161226005,0.024865361055529243
WFDC12,2.6066364769707406,-1.7592402141996322,0.6465826985736689,4.6124289640521976e-05,0.004149963563148343
IL22RA2,1.9326626872339534,1.6298108430567844,1.0661769875649825,0.00015849696723064532,0.010406424965252953
TMPRSS4,6.948576205986058,1.2045396352895184,0.22373038797611705,3.357777072667626e-08,1.632605663170016e-05
ABCC13,2.4941342943769356,-1.5113715850060088,0.6612413691238235,0.00012435092526193902,0.008515573844454968
DEPDC1B,4.486470284268614,1.0849595580055977,0.3331819538737297,4.6136337555845946e-05,0.004149963563148343
TROAP,4.790975388910314,1.024913511459915,0.3243210690555021,5.5346477007631984e-05,0.004696618497015563
LHFPL3,3.7919208690175195,-1.4574498179438795,0.36560543871122186,7.432684095534581e-06,0.000982416961616736
C10orf67,3.6821772099331063,-1.9194864082076377,0.38689724577611945,7.515177682868047e-08,2.8166259690582536e-05
VPREB3,2.430967358984538,1.0297200089910323,0.7544245462418906,0.0007870950727247892,0.03270170983445487
RS1,3.851136736500025,-1.9173254697189817,0.36767452698159386,2.0876868040310407e-08,1.2115317936941428e-05
AGMAT,3.3513516922244864,1.1885008750038148,0.4536343280683659,0.00011610998285699342,0.00814662984639574
F11,4.901561137315315,-1.3955306622649621,0.3058625905186465,1.2876023526764886e-06,0.0002545490804906597
CYP17A1,2.271723727720632,-1.731606596458293,0.6825306247615536,6.1353241603223e-05,0.005017021892918099
CYP1A2,2.164259372635877,-2.974002413390766,0.6619606113095788,2.948955594320171e-08,1.515763175480568e-05
DPP6,3.4335406853520922,-1.5473728715581907,0.38917430705590134,6.692481332081113e-06,0.0009190667111766352
RXFP1,4.2653501738694795,-1.4052244148238233,0.3154711248591644,1.906855609543498e-06,0.0003443718654447739
KHDRBS2,3.9867221213728126,-1.2173421819623778,0.3710225731015881,4.081480007655146e-05,0.0037560416923575514
SGCG,3.906565949667674,-1.7025700731066418,0.34563347658646726,1.4833657477641976e-07,4.6817104916277044e-05
DUSP9,1.934433663202882,1.638047419207549,0.9134820794940774,0.0001518013911141267,0.010117081110956645
PLA2G1B,5.680491737676376,-1.2873770083597755,0.2604505116184187,2.8885958509623436e-07,8.381586993356866e-05
FAM83B,3.071451309813692,1.5926048410133413,0.4883486771158111,2.745241443388548e-05,0.002759044333327373
FAM83A,6.425301033979117,1.7666644666241227,0.25924710787046257,1.679649229243735e-12,8.50590326077319e-09
COLEC10,2.934546917097179,-1.614589356970179,0.48078379032131063,2.2437011767378645e-05,0.002346754893576406
PKHD1L1,4.7074680541842895,-1.0849199556200062,0.32606596018608247,4.0907176844581866e-05,0.0037560416923575514
TMEM90A,4.373954074385217,-1.103143909700822,0.3684307002757059,6.979513327125661e-05,0.005605421640847797
TFF1,2.2184081002929656,1.029988829211616,1.1090359449661193,0.0006909595886583392,0.02959610238086553
TNNC1,7.399383686978432,-1.0228082372490523,0.21150776791228865,6.505976560603592e-07,0.00015816556530440354
CYP3A7,2.771563120527921,-1.7071554647431633,0.5142795530572233,2.0597708689427393e-05,0.0021926199959928926
CENPI,3.3771287001584858,1.171420810616265,0.47977332856923055,0.00015194994636933543,0.010117081110956645
EPN3,5.564293040345445,1.0821886246795112,0.26639177178999024,8.966580516712026e-06,0.0011201998853864537
SH3GL3,4.097575986077944,-1.5822816047008876,0.33503695629917235,4.823033746832063e-07,0.00012574837261667944
SH3GL2,3.73676130675846,-1.440702059607444,0.37803102199282224,1.1606988849503955e-05,0.0014108765500174063
GPA33,5.43400266616477,-1.082052764374317,0.2682141566733477,9.63081501216636e-06,0.0011948852556473988
PRAME,2.373503921801996,2.395209678534267,0.745056522272257,4.902322327850972e-06,0.0007228916285085163
GAD1,2.210701619846884,1.3815830472525712,0.7889324745956314,0.00028276596334286135,0.016356783538707637
WFIKKN2,2.631457681506622,-1.0822664665471484,0.7437713153347062,0.0006511381034540645,0.028515869753921442
GRHL3,2.7407624181442345,1.947677999618551,0.5004402960769376,3.874244200078884e-06,0.0006060665492123402
MYO7B,3.7106077444260763,-1.0574234066100678,0.4426145586856539,0.0001757669956028957,0.011212937059915227
SLC27A6,2.9077993740152577,-1.8697136916191825,0.5253565441763806,9.6990399130989e-06,0.001195107726278419
HTR3C,2.21810388802198,-2.810077650032653,0.6409999130792665,7.418902469823643e-08,2.8166259690582536e-05
PNMT,3.215141170784699,-1.0252504902454649,0.6042294692127306,0.00049711423355775,0.02420159537381798
FBN3,4.373718277297682,-1.4661387056846327,0.32001175192996134,1.0693118117658044e-06,0.00023177011438152797
CST1,3.3460085552502226,3.237502209368153,0.5269601114937971,2.845307932454584e-12,1.0237417940971594e-08
CST5,2.7408398919006434,-1.186414054682034,0.6576469104245793,0.0003621708578199077,0.019684150248278368
TNS4,6.0342904952238925,1.1542798695685341,0.2507878563040386,1.5043666950015875e-06,0.0002848795457166164
FAM181A,3.126948638993831,-1.2757847900151325,0.5475724218961534,0.00016174461654654853,0.010542701636494232
MGC27382,2.7446893829559267,-1.5149221841356129,0.5439813092430573,6.408870644172566e-05,0.005216994700844546
AGTR2,6.407160361518176,-1.1123258330280874,0.25609309009154646,3.9201578168527805e-06,0.0006079624062515648
SYN2,3.7098168830451286,-1.1600830100065918,0.4302411477397257,0.00010593926202141588,0.007684868240989
KIR3DL1,1.913058860901399,-1.458747606057972,0.9764928903143921,0.0002739937505664763,0.015951933892203587
ARC,5.125419571181626,-1.1462009601620844,0.2765441260223176,6.8692888497442e-06,0.0009362008061128648
XAGE2,2.747523332180903,-2.0314446435961457,0.5217512996348347,3.1817579893280518e-06,0.0005245878959631376
EDN3,2.3824329106219295,-1.6457326658873341,0.7525835099080673,0.00010819292619100162,0.007771949282317082
HBG2,1.940238196482197,-1.7286071679058392,0.9465174268010501,0.000116380426377082,0.00814662984639574
HBG1,2.245942503904246,-1.648063170214715,0.7560314765783263,0.00010843575707957686,0.007771949282317082
SLC13A2,2.957437922988423,-2.2275384647409138,0.6048511103526886,3.2434303400088795e-06,0.0005245878959631376
IGFL2,1.6852376373795317,1.179321382808976,1.0813668767092888,0.0005416763950203144,0.02533169992897892
DNASE2B,3.6863934589687957,-1.2037159647094524,0.4305213841132879,8.867731270733674e-05,0.006817542117970033
