DMR_ID,chr,start,end,num_CpGs,CpG_IDs
DMR_1,4,41753439,41754125,3,cg19935850;cg25950325;cg24456654
DMR_2,4,41882953,41883164,3,cg27405791;cg20038996;cg18351939
DMR_3,4,111549880,111550830,4,cg24005685;cg19370653;cg21299542;cg26831119
DMR_4,4,154710421,154710826,4,cg23121156;cg22178613;cg23207990;cg20881942
DMR_5,4,155662795,155663311,3,cg26461267;cg21266502;cg21713473
DMR_6,5,1752668,1753301,4,cg01827426;cg14557064;cg11838237;cg15898536
DMR_7,5,1875548,1876397,6,cg17629929;cg18856388;cg21982950;cg07961015;cg14564616;cg14451382
DMR_8,5,1877906,1878672,4,cg17838420;cg07167946;cg04180086;cg18172877
DMR_9,5,1886956,1888033,4,cg03287574;cg07565505;cg05658487;cg25442600
DMR_10,5,1931376,1931781,3,cg11439596;cg04849541;cg00483562
DMR_11,5,2252878,2252995,3,cg15836317;cg16247912;cg11902424
DMR_12,5,3597311,3597695,3,cg08492173;cg07881405;cg11605835
DMR_13,5,5139853,5140029,7,cg25973534;cg15409013;cg15048991;cg16508480;cg04136610;cg22954449;cg00127167
DMR_14,5,15928089,15928686,3,cg20328399;cg11005831;cg25936482
DMR_15,5,16179135,16180393,15,cg06782035;cg23479922;cg09017434;cg15015920;cg25092681;cg00339556;cg01791874;cg17030173;cg17712694;cg16150752;cg21901718;cg18325622;cg23065934;cg11452391;cg12456714
DMR_16,5,33936232,33936520,8,cg18689958;cg07832473;cg13349651;cg15408073;cg13912115;cg12238343;cg26390889;cg02640041
DMR_17,5,37835889,37836246,3,cg08307469;cg15368455;cg04209913
DMR_18,5,38257516,38257555,3,cg15182643;cg03205103;cg00076538
DMR_19,5,50673033,50674203,8,cg26277754;cg10536898;cg04022561;cg22115076;cg05501996;cg25339054;cg14879760;cg04068980
DMR_20,5,50678913,50678928,4,cg17412886;cg14834938;cg01587896;cg17037282
DMR_21,5,54516487,54516805,4,cg10932018;cg08350776;cg24828151;cg18456523
DMR_22,5,54518136,54519307,8,cg02034689;cg00865849;cg08748170;cg26251325;cg25536739;cg04286194;cg09127044;cg18526607
DMR_23,5,72528296,72528678,3,cg06422883;cg01240795;cg15931168
DMR_24,5,72595625,72596188,4,cg03638905;cg12505170;cg08893692;cg22120063
DMR_25,5,72677723,72678420,5,cg01927745;cg09142313;cg00177388;cg15382538;cg18159860
DMR_26,5,72715464,72715996,3,cg09129100;cg17288397;cg23713079
DMR_27,5,72739768,72740737,4,cg19092317;cg15132565;cg00332937;cg18063312
DMR_28,5,76923737,76924190,3,cg07363137;cg15160263;cg17555825
DMR_29,5,76932016,76932062,3,cg26365545;cg16703762;cg21907107
DMR_30,5,77253555,77253990,3,cg26446499;cg09048251;cg07595776
DMR_31,5,77268452,77269250,4,cg04502985;cg13031251;cg05907933;cg04078410
DMR_32,5,78407552,78408253,7,cg05890484;cg09550809;cg23514016;cg02286091;cg10660256;cg11770080;cg18058747
DMR_33,5,87968528,87968844,4,cg14636534;cg12325536;cg08811309;cg24804195
DMR_34,5,87974369,87974547,6,cg18318649;cg13982529;cg21230745;cg18894648;cg09884341;cg16055026
DMR_35,5,87990082,87990145,3,cg08850461;cg14659193;cg04970570
DMR_36,5,87991071,87991388,3,cg01764252;cg15422005;cg25443851
DMR_37,5,92909069,92909434,3,cg06668065;cg04541368;cg15143788
DMR_38,5,115152386,115152494,7,cg12880658;cg16707405;cg02792792;cg14470895;cg23180938;cg08516516;cg11036833
DMR_39,5,115298704,115299088,3,cg22010052;cg09868780;cg20403557
DMR_40,5,122430235,122431121,5,cg02564291;cg02081006;cg23289079;cg07799386;cg13628577
DMR_41,5,134363324,134364387,8,cg22488797;cg26509691;cg02037307;cg08206318;cg22827250;cg04223420;cg07274716;cg00396667
DMR_42,5,134870506,134870517,3,cg08587845;cg11946503;cg10832108
DMR_43,5,136834294,136834492,3,cg09054633;cg24847829;cg14650610
DMR_44,5,140098230,140098576,5,cg13303313;cg05174942;cg25984996;cg11807153;cg15697852
DMR_45,5,140180926,140181074,3,cg08288811;cg10649903;cg07463541
DMR_46,5,140207460,140207760,4,cg02004851;cg13022679;cg16987900;cg08448812
DMR_47,5,140235435,140235927,3,cg18283342;cg10519368;cg17741839
DMR_48,5,140501365,140501451,3,cg24818200;cg07129523;cg17288142
DMR_49,5,140613859,140614369,4,cg11286063;cg04511041;cg18661205;cg08713073
DMR_50,5,140625004,140625389,3,cg18664869;cg10757144;cg13337064
DMR_51,5,140683367,140683737,4,cg05638493;cg05845376;cg07039560;cg07496545
DMR_52,5,140753415,140753655,5,cg09066326;cg03835609;cg06757585;cg08616061;cg04637478
DMR_53,5,140762229,140763125,4,cg18164784;cg22861116;cg02722596;cg11907797
DMR_54,5,140787504,140787864,4,cg18617005;cg18507379;cg09465698;cg23034757
DMR_55,5,140800586,140800929,3,cg05870739;cg24954895;cg06572465
DMR_56,5,140810051,140811642,14,cg23082339;cg21627409;cg02452944;cg12304520;cg07730329;cg11647681;cg07802710;cg02267483;cg21185686;cg22151446;cg09639151;cg23244790;cg07539798;cg07489502
DMR_57,5,145758782,145758881,3,cg11334165;cg08352755;cg26607337
DMR_58,5,150326174,150326193,3,cg05016408;cg27079680;cg19585597
DMR_59,5,151066460,151066662,3,cg08331313;cg25587069;cg23146663
DMR_60,5,154230141,154230438,5,cg26655340;cg00604840;cg18188717;cg10257049;cg18260397
DMR_61,5,168728081,168728213,3,cg07136998;cg15927720;cg14658804
DMR_62,5,170735186,170736572,9,cg05787556;cg18336674;cg24881420;cg26517714;cg25942450;cg26844246;cg02743222;cg25720804;cg06410537
DMR_63,5,172175721,172175855,3,cg25386676;cg13412545;cg09464735
DMR_64,5,172655841,172655948,3,cg10934129;cg22111078;cg19423543
DMR_65,5,172672684,172673098,3,cg23967544;cg19951244;cg08506654
DMR_66,5,176107069,176107427,3,cg09437808;cg18401367;cg02460251
DMR_67,5,178004012,178004204,3,cg20764887;cg08475953;cg06183338
DMR_68,5,178367827,178368253,3,cg24843380;cg02165355;cg17840719
DMR_69,5,178421711,178422260,6,cg12483476;cg23003783;cg00582971;cg19806642;cg14859460;cg01281157
DMR_70,5,179634671,179634789,3,cg12408990;cg19978312;cg14544666
DMR_71,6,1601509,1601802,3,cg16987638;cg11729934;cg22399984
DMR_72,6,1635611,1635847,3,cg07714812;cg13394216;cg10707788
DMR_73,6,6004207,6004897,4,cg13021333;cg24720571;cg01807407;cg25829425
DMR_74,6,10381764,10382103,3,cg20887073;cg12847240;cg20906291
DMR_75,6,10382738,10383164,6,cg12936121;cg09602288;cg20168806;cg25319067;cg04978078;cg17959970
DMR_76,6,10385126,10386160,7,cg10177394;cg09415754;cg00110654;cg03585912;cg02005873;cg24336989;cg00792424
DMR_77,6,10390247,10391412,7,cg04654288;cg19125370;cg11811610;cg24452128;cg19607165;cg01807768;cg17754510
DMR_78,6,10398494,10398754,3,cg04406454;cg04389897;cg10238972
DMR_79,6,10415597,10416007,4,cg16871519;cg14909730;cg20540714;cg10899301
DMR_80,6,10420798,10422636,8,cg00689580;cg14993900;cg13486532;cg10293403;cg22267770;cg05224741;cg24865270;cg01255417
DMR_81,6,10425553,10426099,3,cg06014958;cg22367191;cg13623495
DMR_82,6,10881891,10882336,6,cg05452406;cg22851295;cg09829319;cg14250833;cg20229534;cg14000361
DMR_83,6,25652390,25652407,4,cg04200224;cg15562220;cg10721149;cg13834623
DMR_84,6,26240519,26240939,5,cg12260798;cg22723502;cg10723962;cg08260959;cg21425842
DMR_85,6,27235820,27235891,4,cg14334441;cg09513990;cg05422029;cg01518607
DMR_86,6,27463217,27463347,3,cg13974773;cg07951347;cg00169412
DMR_87,6,27513009,27513479,4,cg09411719;cg11497372;cg27131891;cg05310764
DMR_88,6,27647713,27648605,7,cg10812708;cg10903903;cg13163930;cg04274288;cg27641532;cg14558529;cg02925601
DMR_89,6,28058789,28058918,4,cg11517269;cg18105139;cg03597347;cg02631126
DMR_90,6,28227068,28227392,7,cg17384889;cg18694169;cg10253847;cg01031101;cg09523275;cg18675097;cg02578944
DMR_91,6,28303932,28304249,7,cg21138752;cg08343881;cg23084951;cg06903569;cg13997124;cg19013262;cg09996797
DMR_92,6,28411240,28411287,4,cg13525197;cg06818710;cg00651523;cg09682330
DMR_93,6,28557883,28558070,3,cg11118422;cg03169508;cg12934884
DMR_94,6,28602745,28603779,5,cg10972973;cg14103680;cg26654934;cg01735384;cg24643706
DMR_95,6,28778091,28778226,4,cg26371320;cg24549277;cg14216285;cg09797577
DMR_96,6,28793219,28793681,3,cg07009376;cg14028400;cg25288068
DMR_97,6,28956247,28956426,7,cg05404698;cg09556826;cg08377819;cg18803104;cg07124687;cg15822765;cg04543938
DMR_98,6,29795434,29796420,11,cg10556772;cg03096746;cg00126638;cg03521696;cg18914211;cg21529533;cg12287358;cg03997176;cg15174396;cg03149560;cg14546076
DMR_99,6,29943209,29943480,7,cg00599564;cg23244913;cg06710082;cg04623837;cg16368146;cg04109898;cg17639394
DMR_100,6,30094980,30095762,13,cg20167366;cg25247859;cg05745631;cg05068206;cg23079252;cg21334513;cg27282900;cg17034390;cg01964152;cg08548396;cg12534216;cg01528052;cg27108419
DMR_101,6,30130819,30131001,3,cg12422154;cg02772121;cg06051311
DMR_102,6,30139903,30140145,4,cg08858649;cg22711111;cg13567542;cg03771840
DMR_103,6,31166502,31166512,3,cg03081173;cg13212186;cg13502540
DMR_104,6,32054561,32054790,3,cg14737484;cg07345515;cg06580770
DMR_105,6,32119616,32119944,6,cg17218813;cg12387154;cg13035743;cg12602633;cg21037008;cg02429905
DMR_106,6,32164553,32164801,3,cg11747349;cg19732154;cg06023661
DMR_107,6,33943662,33943929,3,cg12279419;cg22244192;cg08864645
DMR_108,6,34984836,34984930,3,cg08194377;cg02665650;cg07207982
DMR_109,6,35479628,35479910,3,cg15219228;cg24281267;cg12827262
DMR_110,6,41606439,41607109,5,cg27200446;cg05345286;cg01883425;cg06688989;cg00558689
DMR_111,6,50674399,50674663,3,cg16291880;cg13279673;cg23913421
DMR_112,6,50690647,50691003,3,cg05139788;cg17191462;cg20180370
DMR_113,6,50791202,50791419,3,cg27260772;cg06117072;cg22248052
DMR_114,6,50803850,50804147,3,cg21317965;cg17343563;cg24641186
DMR_115,6,50810682,50810993,3,cg22282405;cg19620724;cg06564232
DMR_116,6,53530503,53530628,3,cg00536792;cg26980034;cg13840445
DMR_117,6,78176622,78176847,4,cg11605903;cg03947979;cg03362215;cg26005569
DMR_118,6,99290349,99290737,4,cg15810758;cg11052202;cg09016968;cg16170767
DMR_119,6,99291343,99291587,3,cg07184578;cg21305834;cg24931520
DMR_120,6,100050480,100051116,4,cg07323825;cg21528204;cg04670802;cg06558014
DMR_121,6,100056787,100057160,3,cg04974062;cg18924324;cg19223299
DMR_122,6,100060453,100061111,3,cg08500704;cg21160099;cg17302155
DMR_123,6,100442105,100442120,3,cg06610484;cg09393254;cg26466587
DMR_124,6,100895050,100896803,9,cg18782604;cg08074534;cg14717557;cg23720064;cg20234976;cg08979319;cg00087368;cg16565394;cg01978237
DMR_125,6,100906448,100906895,3,cg00231504;cg10745499;cg06708634
DMR_126,6,100911687,100912072,8,cg11471772;cg04927931;cg21063722;cg11891393;cg08133486;cg01258751;cg17942121;cg11540692
DMR_127,6,100912906,100913030,4,cg21684012;cg27252696;cg17380661;cg12233363
DMR_128,6,100915191,100915805,5,cg17760405;cg14605874;cg13592064;cg20232986;cg03361164
DMR_129,6,100916959,100917427,5,cg14065115;cg16042259;cg11563680;cg18471993;cg25351606
DMR_130,6,101846767,101847706,15,cg24753760;cg22541254;cg06247406;cg13080565;cg05942459;cg24301620;cg18193094;cg10591607;cg26316946;cg21635870;cg27074174;cg14082127;cg02011392;cg01737026;cg12389770
DMR_131,6,105388668,105388731,3,cg23746497;cg03738025;cg17885226
DMR_132,6,105400884,105400993,3,cg02829743;cg02391713;cg22620090
DMR_133,6,105401601,105401673,3,cg02895156;cg11044575;cg17933583
DMR_134,6,108490895,108491372,3,cg25775494;cg05380821;cg23676151
DMR_135,6,108492358,108492769,4,cg24595606;cg22476027;cg20431250;cg15416877
DMR_136,6,108495865,108496460,3,cg13784235;cg05922610;cg18569734
DMR_137,6,110797476,110798022,3,cg04014105;cg05415020;cg19980771
DMR_138,6,111888446,111888683,4,cg26379258;cg05423393;cg03270395;cg00590039
DMR_139,6,117584596,117584815,4,cg23490887;cg24292761;cg01926238;cg16108230
DMR_140,6,123317473,123317569,3,cg15749870;cg10182317;cg08194879
DMR_141,6,134210812,134211114,3,cg04692403;cg04467618;cg17208528
DMR_142,6,137813584,137813878,3,cg13560452;cg15980797;cg04508701
DMR_143,6,137814728,137814971,3,cg01972751;cg12744820;cg17295225
DMR_144,6,138866865,138867125,5,cg13280041;cg24324628;cg15962969;cg17353337;cg26287741
DMR_145,6,149806331,149806502,3,cg17501395;cg18082788;cg00073460
DMR_146,6,154360344,154360894,5,cg22370006;cg14262937;cg06649410;cg12838303;cg15085086
DMR_147,6,166267729,166268183,3,cg02621130;cg00849713;cg16051195
DMR_148,7,226444,226563,3,cg17021798;cg11200568;cg19104757
DMR_149,7,1094263,1095005,3,cg11360546;cg24575275;cg09937438
DMR_150,7,1270558,1270925,3,cg21042456;cg23168531;cg11213369
DMR_151,7,1272515,1272559,4,cg20870512;cg21158633;cg05157140;cg17294725
DMR_152,7,1287065,1287159,3,cg12560987;cg16123202;cg00811065
DMR_153,7,1607146,1607868,6,cg26035201;cg00294534;cg20151476;cg18958693;cg00375608;cg13042250
DMR_154,7,2802374,2802560,3,cg21143896;cg12444411;cg23285459
DMR_155,7,4304779,4305061,3,cg16956686;cg20597403;cg12190994
DMR_156,7,4751611,4752170,7,cg08797598;cg23318967;cg07554986;cg07044458;cg07628717;cg08363345;cg20534702
DMR_157,7,8481460,8482614,8,cg23075337;cg10443049;cg12265623;cg14094983;cg15285250;cg12597389;cg06335867;cg26170604
DMR_158,7,19157839,19158747,10,cg04917226;cg02400740;cg27013696;cg14515453;cg27334919;cg14391419;cg10126205;cg21424940;cg12307484;cg10624122
DMR_159,7,19184273,19185139,5,cg24624901;cg23536473;cg10477621;cg25691167;cg05328547
DMR_160,7,19813244,19813299,3,cg19803052;cg06896909;cg04111071
DMR_161,7,20816184,20816695,3,cg11949262;cg15087860;cg14031365
DMR_162,7,20818767,20818928,4,cg25859099;cg23243400;cg09734394;cg05984317
DMR_163,7,21209165,21209781,4,cg00684125;cg24803391;cg16448636;cg08701183
DMR_164,7,22894795,22894898,3,cg04907244;cg22407942;cg03906075
DMR_165,7,24323261,24324435,6,cg18106668;cg05158615;cg16964348;cg25884711;cg21097881;cg12614105
DMR_166,7,25898206,25898758,3,cg25121513;cg03190219;cg26053480
DMR_167,7,26897182,26897685,6,cg09426383;cg19216792;cg20747577;cg12252069;cg12140851;cg03730533
DMR_168,7,27138396,27138751,3,cg00106345;cg17485838;cg26264232
DMR_169,7,27141067,27141388,3,cg02803819;cg13661519;cg06786372
DMR_170,7,27142100,27142708,10,cg04481096;cg06055873;cg23979631;cg24058604;cg05921905;cg02979457;cg25598840;cg09871315;cg22943986;cg04737131
DMR_171,7,27170394,27170892,3,cg19142026;cg16651126;cg14359292
DMR_172,7,27183946,27184821,16,cg14058329;cg03207666;cg12015737;cg08070327;cg09880291;cg16997642;cg20817131;cg14013695;cg01323381;cg14882265;cg17432857;cg00969405;cg03368099;cg13694927;cg03744763;cg27151303
DMR_173,7,27191914,27192061,3,cg19623360;cg10739556;cg24398479
DMR_174,7,27196286,27196759,5,cg07302069;cg05471296;cg09017619;cg05743885;cg08934785
DMR_175,7,27204663,27205230,9,cg20399871;cg26476852;cg01381846;cg01354473;cg27009703;cg26521404;cg16104915;cg18447772;cg12600174
DMR_176,7,27209247,27209790,4,cg26259537;cg05250768;cg25644556;cg24884519
DMR_177,7,27213610,27214126,5,cg13703049;cg16857858;cg18416576;cg14625175;cg01215762
DMR_178,7,27225058,27225772,12,cg12997720;cg05977669;cg24446586;cg13352750;cg10767141;cg09661370;cg12810084;cg26857670;cg25901381;cg05311410;cg17466857;cg01729491
DMR_179,7,27231491,27231894,3,cg17400476;cg03906434;cg06218338
DMR_180,7,27233411,27233480,3,cg16701896;cg11706983;cg21332500
DMR_181,7,27260102,27260466,5,cg06655810;cg01348293;cg00458878;cg05057910;cg13647536
DMR_182,7,27265004,27265463,3,cg12353688;cg02168303;cg27356513
DMR_183,7,27281216,27281581,7,cg01564135;cg06544111;cg15564098;cg20801476;cg17610800;cg15798385;cg08865099
DMR_184,7,27282237,27282444,3,cg05825073;cg25160286;cg05589845
DMR_185,7,29605897,29606349,4,cg10580293;cg23363754;cg18451588;cg06868100
DMR_186,7,30951381,30951801,5,cg04372674;cg25075794;cg25230363;cg11827925;cg10132917
DMR_187,7,35293245,35293869,5,cg18249173;cg08959216;cg26673012;cg17985646;cg24061141
DMR_188,7,35294430,35295120,3,cg12467749;cg25377206;cg18011916
DMR_189,7,39649224,39649443,5,cg05858889;cg21101743;cg06890747;cg12457909;cg27071152
DMR_190,7,49813033,49813486,6,cg04904331;cg14045872;cg01893212;cg02467990;cg09493505;cg18206027
DMR_191,7,54609776,54610192,4,cg19868631;cg03817667;cg22131234;cg03775422
DMR_192,7,54612325,54612475,3,cg14225678;cg21179088;cg02866628
DMR_193,7,56297490,56297579,3,cg16491960;cg01104724;cg20897830
DMR_194,7,70597687,70598282,3,cg21135135;cg07143083;cg11899535
DMR_195,7,79083507,79084078,6,cg02523844;cg24021956;cg07448060;cg01158680;cg20996682;cg13382769
DMR_196,7,96622042,96622709,4,cg22421859;cg09226786;cg09803262;cg18502142
DMR_197,7,96626659,96627190,3,cg25825506;cg04088697;cg21545390
DMR_198,7,96631384,96631902,4,cg08598654;cg21945930;cg10659805;cg16758800
DMR_199,7,96632635,96633530,5,cg06581175;cg17199800;cg13019143;cg26668276;cg16961816
DMR_200,7,96647882,96648205,3,cg26718878;cg08482436;cg20189244
DMR_201,7,96650096,96650668,3,cg09359114;cg00400832;cg20377305
DMR_202,7,96652115,96652481,5,cg27032146;cg11500797;cg11891395;cg08101303;cg08832603
DMR_203,7,96654782,96655444,5,cg01448276;cg10243939;cg17083494;cg17916835;cg19962750
DMR_204,7,97361241,97361408,4,cg01287975;cg11873482;cg17437939;cg16288089
DMR_205,7,99775508,99775558,4,cg04778012;cg10084644;cg15140703;cg00553149
DMR_206,7,100253792,100253914,3,cg24471254;cg26990587;cg08572611
DMR_207,7,101005910,101006063,5,cg25290307;cg23424003;cg27179533;cg27528510;cg14874750
DMR_208,7,117119393,117119637,4,cg09181792;cg26635219;cg17204129;cg09626894
DMR_209,7,120968904,120969079,4,cg14448169;cg26690075;cg16868298;cg05470554
DMR_210,7,121956643,121956890,3,cg14314029;cg07959771;cg18358894
DMR_211,7,127880932,127881344,6,cg12782180;cg07464571;cg00840332;cg19594666;cg26814075;cg13381984
DMR_212,7,128550623,128550902,4,cg07293445;cg12582654;cg09982773;cg20531550
DMR_213,7,128809100,128809442,3,cg18356974;cg15835396;cg03575641
DMR_214,7,130125511,130125764,3,cg20380768;cg22115706;cg18100127
DMR_215,7,145813417,145814152,7,cg11592503;cg21126583;cg23708361;cg16910830;cg07612562;cg16521917;cg16254309
DMR_216,7,149389669,149389941,4,cg04487296;cg21355828;cg18177414;cg26885268
DMR_217,7,152621979,152622455,4,cg08202754;cg15818671;cg02432280;cg00469207
DMR_218,7,153583318,153583867,3,cg00017489;cg19161124;cg18252309
DMR_219,7,153584416,153585368,8,cg22620221;cg06495961;cg14523847;cg27032232;cg24011260;cg03532926;cg14564076;cg07811198
DMR_220,7,153749736,153749756,3,cg18940047;cg09124223;cg15549927
DMR_221,7,155255122,155255369,3,cg21497990;cg16935980;cg20547407
DMR_222,7,155260310,155260895,3,cg02892388;cg01914621;cg07870999
DMR_223,7,156871073,156871234,3,cg02456451;cg00173659;cg22450968
DMR_224,7,157345566,157345827,3,cg07267845;cg03900492;cg15318176
DMR_225,7,158362729,158362907,3,cg19423622;cg22178238;cg11202265
DMR_226,7,158799715,158799777,3,cg11772799;cg10874111;cg14302471
DMR_227,7,158937494,158938060,5,cg13794530;cg03976877;cg23572908;cg25189564;cg20673829
DMR_228,8,11555178,11555440,3,cg16844941;cg03333634;cg05237485
DMR_229,8,11839764,11839844,3,cg03265268;cg05226729;cg22743884
DMR_230,8,23083353,23083578,3,cg26530341;cg24278165;cg23303108
DMR_231,8,23563925,23564294,8,cg14428146;cg15854847;cg05477514;cg20892260;cg13324546;cg03694713;cg22747746;cg10603004
DMR_232,8,23567310,23567548,3,cg12812583;cg11548303;cg07143418
DMR_233,8,24771125,24771466,3,cg16459364;cg07552803;cg23290344
DMR_234,8,25898191,25898412,3,cg14855519;cg18239431;cg09559189
DMR_235,8,39172097,39172120,4,cg14742937;cg19659741;cg11199639;cg07387286
DMR_236,8,49468684,49468988,6,cg14095438;cg20527270;cg04920358;cg18991611;cg14907769;cg10826197
DMR_237,8,50822381,50823541,4,cg20334313;cg03080142;cg07854547;cg07739205
DMR_238,8,53012521,53012600,3,cg21086940;cg19187616;cg02020483
DMR_239,8,54789207,54789978,4,cg03475285;cg12070159;cg03348397;cg24645214
DMR_240,8,55370283,55371369,10,cg03329976;cg24928391;cg04672706;cg11214140;cg15186181;cg02919422;cg26059468;cg00123055;cg08044097;cg15377283
DMR_241,8,55379663,55380008,3,cg15427886;cg00688447;cg17993900
DMR_242,8,57069688,57070013,3,cg02182795;cg11071231;cg16504626
DMR_243,8,65281397,65282185,5,cg25354466;cg18249580;cg00998387;cg21699044;cg25260137
DMR_244,8,65283649,65284519,5,cg21546184;cg01656244;cg17099568;cg25633678;cg03480337
DMR_245,8,65285831,65286632,3,cg13186884;cg19848629;cg06829299
DMR_246,8,65290109,65291730,12,cg02381539;cg05043349;cg07792478;cg14590098;cg02226645;cg04104463;cg25900085;cg05474726;cg27313642;cg20653075;cg05455720;cg04559779
DMR_247,8,65499701,65499926,3,cg01926906;cg23517116;cg05740045
DMR_248,8,67873476,67874366,4,cg22878622;cg14353137;cg20980783;cg17694795
DMR_249,8,70946891,70947440,4,cg12230289;cg20113824;cg18096722;cg26187308
DMR_250,8,70984199,70984559,4,cg01295203;cg18035229;cg04838988;cg11229513
DMR_251,8,72468820,72469553,5,cg24809973;cg08795964;cg26947626;cg11878331;cg18855674
DMR_252,8,72470700,72471153,4,cg23954787;cg22863920;cg20386316;cg26818625
DMR_253,8,72754469,72755052,3,cg11382963;cg26799209;cg13620034
DMR_254,8,72755784,72756901,10,cg20079899;cg06269753;cg25832771;cg09734791;cg14409559;cg23710218;cg20675505;cg25827490;cg14546394;cg24258699
DMR_255,8,73163696,73164024,3,cg27039662;cg21183256;cg14750277
DMR_256,8,74332112,74332829,4,cg19846154;cg19901403;cg24788090;cg17811994
DMR_257,8,85097049,85097195,3,cg23649708;cg04842146;cg25757598
DMR_258,8,86350390,86351067,8,cg13721134;cg05355225;cg18674980;cg07560510;cg17480760;cg10184889;cg08582356;cg21346043
DMR_259,8,87081770,87082023,4,cg15541630;cg09506473;cg04470072;cg20982735
DMR_260,8,95246514,95246814,3,cg10643691;cg07485198;cg25947489
DMR_261,8,97171827,97172012,3,cg13211683;cg11073558;cg03224572
DMR_262,8,99950917,99951730,4,cg09537551;cg01407477;cg14888916;cg03020554
DMR_263,8,99959430,99962118,13,cg22524061;cg14657725;cg23820828;cg03157027;cg04768602;cg26570179;cg02469095;cg14548272;cg00388812;cg08202494;cg01581084;cg20823772;cg16746576
DMR_264,8,101118512,101118548,3,cg20051292;cg24848035;cg00090261
DMR_265,8,104153592,104153643,4,cg07222863;cg18168101;cg14025053;cg21131024
DMR_266,8,105478683,105479318,5,cg16419441;cg16783744;cg10303487;cg05736768;cg14015441
DMR_267,8,128808017,128808554,3,cg25247520;cg11201447;cg00780520
DMR_268,8,132052843,132053262,4,cg22762091;cg07557260;cg26332560;cg02842496
DMR_269,8,133573739,133573933,3,cg24627900;cg07696099;cg05740582
DMR_270,8,140715540,140715802,4,cg12175729;cg01532168;cg04344565;cg21415530
DMR_271,8,141248582,141248667,3,cg06900571;cg03918756;cg23401796
DMR_272,8,145105319,145106582,7,cg04594598;cg25223771;cg06319475;cg26199906;cg17698295;cg17301223;cg26256223
DMR_273,9,970882,971480,3,cg14504259;cg14305278;cg07173635
DMR_274,10,729479,729846,3,cg12014181;cg01022670;cg10064922
DMR_275,10,3160926,3160982,3,cg05394294;cg15319824;cg02579140
DMR_276,10,3805252,3805326,3,cg00206063;cg14302214;cg14106234
DMR_277,10,8078314,8078357,3,cg03599078;cg00956199;cg01190024
DMR_278,10,8097331,8098005,5,cg14327531;cg13409449;cg17124583;cg15267232;cg19883813
DMR_279,10,15761498,15762091,6,cg13291704;cg19944763;cg25825488;cg16422098;cg26104297;cg08361126
DMR_280,10,22765645,22766081,3,cg04819760;cg25324047;cg22953960
DMR_281,10,23463243,23463746,3,cg14568830;cg23068913;cg03740167
DMR_282,10,23484228,23484867,3,cg09238992;cg04460771;cg15904283
DMR_283,10,28035731,28035894,3,cg08815081;cg05485137;cg07964848
DMR_284,10,50976571,50977130,3,cg14156751;cg05184377;cg03202564
DMR_285,10,63212206,63212496,4,cg26296364;cg02023345;cg03237606;cg02461363
DMR_286,10,73976790,73976821,3,cg15013801;cg17372758;cg23685969
DMR_287,10,98129902,98130310,3,cg02443967;cg01065161;cg03887584
DMR_288,10,99798395,99798430,3,cg24936799;cg15384383;cg15258447
DMR_289,10,100992222,100992656,3,cg11400953;cg03236397;cg17508300
DMR_290,10,100993553,100993597,6,cg18499443;cg08927006;cg13737332;cg17863743;cg16401360;cg09511126
DMR_291,10,100996070,100996825,4,cg03388193;cg14270857;cg25437411;cg26067760
DMR_292,10,101290958,101291272,3,cg04837832;cg04190875;cg26951440
DMR_293,10,101874887,101875035,3,cg23963802;cg18267049;cg03679755
DMR_294,10,102419209,102419617,6,cg17384380;cg00557947;cg07919443;cg00272971;cg03943218;cg07099331
DMR_295,10,102589840,102590401,5,cg08823110;cg11697427;cg24146331;cg03546235;cg06379721
DMR_296,10,102893980,102895133,6,cg12118269;cg24812837;cg25266629;cg08487063;cg14861089;cg23340017
DMR_297,10,102899949,102900491,5,cg02167020;cg10420161;cg14038391;cg17101450;cg24570303
DMR_298,10,102986973,102987483,3,cg03404143;cg12646649;cg03053579
DMR_299,10,103043991,103044194,3,cg01812599;cg19507206;cg09165441
DMR_300,10,104535792,104535990,3,cg03161190;cg25104397;cg14939082
DMR_301,10,106400824,106401479,4,cg08495770;cg16787600;cg10778841;cg18326021
DMR_302,10,108924366,108924560,3,cg24403845;cg11097433;cg24621437
DMR_303,10,109674297,109674963,3,cg04267526;cg00157668;cg08211028
DMR_304,10,111216646,111216962,3,cg01150683;cg06012215;cg16664405
DMR_305,10,115510928,115511153,3,cg22618337;cg10627429;cg11204562
DMR_306,10,118429481,118429648,3,cg15398400;cg07945733;cg18425434
DMR_307,10,118890977,118891706,6,cg18459489;cg03851159;cg19876672;cg22531668;cg26783057;cg10511988
DMR_308,10,118893138,118894180,7,cg03048654;cg06611922;cg26263263;cg25062797;cg14830601;cg02039267;cg25527090
DMR_309,10,118897836,118897904,3,cg18646207;cg13457172;cg16043357
DMR_310,10,118899288,118899788,4,cg08833577;cg26595643;cg25496678;cg24390913
DMR_311,10,119292062,119292549,3,cg16234557;cg26257822;cg18972885
DMR_312,10,119301760,119302062,3,cg12317601;cg17307442;cg05783915
DMR_313,10,119304487,119305335,5,cg17276590;cg24188415;cg05653707;cg16656895;cg20348858
DMR_314,10,119494494,119494959,3,cg06369992;cg19912142;cg12787323
DMR_315,10,120355260,120355427,3,cg02531437;cg19403534;cg20624923
DMR_316,10,124896713,124897153,3,cg01635405;cg15396686;cg07819944
DMR_317,10,124907540,124907708,3,cg17498296;cg22603247;cg19909787
DMR_318,10,125425583,125425994,5,cg02721665;cg16783279;cg11893763;cg04549162;cg03574723
DMR_319,10,125650957,125651370,4,cg16197717;cg09619146;cg12164321;cg14676407
DMR_320,10,129535138,129535893,6,cg04617948;cg25539045;cg16642284;cg09614415;cg07918545;cg26115633
DMR_321,10,135050326,135050345,3,cg22546168;cg03002848;cg02317400
DMR_322,11,393328,393606,3,cg20992002;cg03638937;cg03547062
DMR_323,11,636659,637491,8,cg06299284;cg23501406;cg15861585;cg20931042;cg06825142;cg00556112;cg12928379;cg09607276
DMR_324,11,2161544,2162211,4,cg14188639;cg25574024;cg23030069;cg06460568
DMR_325,11,2925847,2925969,3,cg20716202;cg16530128;cg08827700
DMR_326,11,16632509,16632724,3,cg20216139;cg07345999;cg18698884
DMR_327,11,18230625,18230903,3,cg09511963;cg12302402;cg15887459
DMR_328,11,20181725,20181911,3,cg13445796;cg03983645;cg02878244
DMR_329,11,20184350,20185382,4,cg21635854;cg23632985;cg26142412;cg22152728
DMR_330,11,20229517,20230313,3,cg16543094;cg21678813;cg24427895
DMR_331,11,20617937,20618399,7,cg06275853;cg16884902;cg27142536;cg02027945;cg01642521;cg15861196;cg19859290
DMR_332,11,30038286,30038677,4,cg27319123;cg15044957;cg08490115;cg15310492
DMR_333,11,31825756,31825833,3,cg11827910;cg20014398;cg11128216
DMR_334,11,31839314,31839947,5,cg14037837;cg15778437;cg13570972;cg09656389;cg09041678
DMR_335,11,31841524,31841980,3,cg20512711;cg07329360;cg11930477
DMR_336,11,31845389,31845639,3,cg24701575;cg20467957;cg03405909
DMR_337,11,31846414,31846849,4,cg03692563;cg24935332;cg08364561;cg07441518
DMR_338,11,31848488,31848649,3,cg13502741;cg11667086;cg12500879
DMR_339,11,32008841,32009163,4,cg06701529;cg20019985;cg03730428;cg26595278
DMR_340,11,32456912,32457162,4,cg19074340;cg07193766;cg19570244;cg19126300
DMR_341,11,32458656,32458769,3,cg16294566;cg19718882;cg14891410
DMR_342,11,32460799,32461240,3,cg27234067;cg25247290;cg06845853
DMR_343,11,43602845,43602920,6,cg15556502;cg14416371;cg14944647;cg01939477;cg16407471;cg05376374
DMR_344,11,44332653,44333072,4,cg00268840;cg04578774;cg08149193;cg02184008
DMR_345,11,57364888,57365018,4,cg10030791;cg02520020;cg15918732;cg15617545
DMR_346,11,59633874,59634276,3,cg20018806;cg00187686;cg03928812
DMR_347,11,68856817,68856906,3,cg16709353;cg02584610;cg12152352
DMR_348,11,69468991,69469175,3,cg02723533;cg00347938;cg11802013
DMR_349,11,71954982,71955599,6,cg18722841;cg19651694;cg04543008;cg11334771;cg08876932;cg24530250
DMR_350,11,86085623,86086101,6,cg16404106;cg18282849;cg10395685;cg18121003;cg23817893;cg25500444
DMR_351,11,89224506,89224774,4,cg12161228;cg22661893;cg03793270;cg08725840
DMR_352,11,102826469,102826680,4,cg22658979;cg19620758;cg14995062;cg10085326
DMR_353,11,105480790,105481863,11,cg12754421;cg03243226;cg15603568;cg23559689;cg00343633;cg03225817;cg04747226;cg07972135;cg19343464;cg09980522;cg20073686
DMR_354,11,111783327,111783563,5,cg01158277;cg00514609;cg07476508;cg12947833;cg11694519
DMR_355,11,119994722,119994877,3,cg26247168;cg01591152;cg00355019
DMR_356,11,124311153,124311423,3,cg03460239;cg11195360;cg13667021
DMR_357,11,124629580,124629925,3,cg25735305;cg04237997;cg00456892
DMR_358,11,124735089,124735128,3,cg10680051;cg12859211;cg09251429
DMR_359,11,125774082,125774447,3,cg23727983;cg19792599;cg11413039
DMR_360,11,132526947,132527438,3,cg08080489;cg17242596;cg06967998
DMR_361,12,2613778,2613941,3,cg26975787;cg02140020;cg12205822
DMR_362,12,4919081,4919230,3,cg19870512;cg11224582;cg10671668
DMR_363,12,6665288,6665370,4,cg00983904;cg08875705;cg22203219;cg23737737
DMR_364,12,7818585,7818654,3,cg20597842;cg11304383;cg17187764
DMR_365,12,8025582,8025646,4,cg15251385;cg11207307;cg19556774;cg16404371
DMR_366,12,21926447,21926524,3,cg04027548;cg03352106;cg16739441
DMR_367,12,22094750,22095182,3,cg07780543;cg18556676;cg00181125
DMR_368,12,25055304,25056243,6,cg08724310;cg22229906;cg04543413;cg20399616;cg23930313;cg23792314
DMR_369,12,43945213,43946284,5,cg02925039;cg11751806;cg19619405;cg01345315;cg24116870
DMR_370,12,50297777,50297945,3,cg18486102;cg06947913;cg04669574
DMR_371,12,52400907,52401523,4,cg04034767;cg00817367;cg06970510;cg15994467
DMR_372,12,52652220,52652590,4,cg07166654;cg07078225;cg15074033;cg18708986
DMR_373,12,54070891,54071194,3,cg08995424;cg06632207;cg16264705
DMR_374,12,54132180,54132255,3,cg26113809;cg26695123;cg15261861
DMR_375,12,54329854,54330320,4,cg09484032;cg18713028;cg04662532;cg16110759
DMR_376,12,54338743,54339653,5,cg23922739;cg20104341;cg04819096;cg05771518;cg03239552
DMR_377,12,54354590,54355528,6,cg05573844;cg03078269;cg26809635;cg01524278;cg19188855;cg26079753
DMR_378,12,54357408,54357771,3,cg22829917;cg15731655;cg14691529
DMR_379,12,54409207,54409491,4,cg04105511;cg26019295;cg15660418;cg04704531
DMR_380,12,54413000,54413384,3,cg19164987;cg07080050;cg15772924
DMR_381,12,54423428,54424679,6,cg23618344;cg07687119;cg03255182;cg07545037;cg13826247;cg00040312
DMR_382,12,54446019,54446100,3,cg05408649;cg21493516;cg27138204
DMR_383,12,54447220,54447873,7,cg03923561;cg02264990;cg15233062;cg07266404;cg15894722;cg01524853;cg22747076
DMR_384,12,54448729,54448913,3,cg03146625;cg15648389;cg16370398
DMR_385,12,54454250,54454445,3,cg26777456;cg11795276;cg03199745
DMR_386,12,66122874,66123380,3,cg00592781;cg23318812;cg10083898
DMR_387,12,66627900,66628232,3,cg08660562;cg01194336;cg06294416
DMR_388,12,75601157,75601928,5,cg06563089;cg00986824;cg17203063;cg10148473;cg16370491
DMR_389,12,85667353,85667616,3,cg24504927;cg21836370;cg16733705
DMR_390,12,85673221,85673347,3,cg13916459;cg14996220;cg25800765
DMR_391,12,85673884,85674296,3,cg14116122;cg25678815;cg07780095
DMR_392,12,103696126,103696381,3,cg04008601;cg22274539;cg27663938
DMR_393,12,108168987,108169569,4,cg04290586;cg20443254;cg24856726;cg01295392
DMR_394,12,113013363,113013494,3,cg21900624;cg00854817;cg14273502
DMR_395,12,113916473,113916664,4,cg21718267;cg09338032;cg08658787;cg09887059
DMR_396,12,114846849,114847641,6,cg16605327;cg03843000;cg05769349;cg19290410;cg12670347;cg05555207
DMR_397,12,115136072,115136298,3,cg07147449;cg15266705;cg12513880
DMR_398,12,127940086,127940906,4,cg00812438;cg17877704;cg16065021;cg10323921
DMR_399,12,128751042,128752040,4,cg10406124;cg03530754;cg06164660;cg04475027
DMR_400,12,130333393,130334009,3,cg20168964;cg04414975;cg05384697
DMR_401,13,25506131,25506340,3,cg22558291;cg15812020;cg15145341
DMR_402,13,28491540,28491615,3,cg15992563;cg10034364;cg01193690
DMR_403,13,28544592,28545566,6,cg07984133;cg16201038;cg01499197;cg05222982;cg06137852;cg03697308
DMR_404,13,36729109,36729247,4,cg18282455;cg02235562;cg16068263;cg02727104
DMR_405,13,41593385,41593519,3,cg01440489;cg02632314;cg18456803
DMR_406,13,51417469,51417929,3,cg17241776;cg20170533;cg13846270
DMR_407,13,53419963,53420425,3,cg07847863;cg09813525;cg00287312
DMR_408,13,53422691,53422871,5,cg27360326;cg19712603;cg22763718;cg17535595;cg16027761
DMR_409,13,79169714,79170303,6,cg13758543;cg23619399;cg18539122;cg26132774;cg24221648;cg13438893
DMR_410,13,84456127,84456486,4,cg07104706;cg26998274;cg20312205;cg01729717
DMR_411,13,100624130,100624293,4,cg12907379;cg18557131;cg00529958;cg24136205
DMR_412,13,100626995,100627956,5,cg01792403;cg11502555;cg21100077;cg18161327;cg20374595
DMR_413,13,100641409,100642106,4,cg00295794;cg18008019;cg25334575;cg19068510
DMR_414,13,112335776,112336027,3,cg11281110;cg20695203;cg07879681
DMR_415,13,112711587,112712635,5,cg05221057;cg19096825;cg23619365;cg03276408;cg26751356
DMR_416,13,112716728,112717707,4,cg21186708;cg08152546;cg09469566;cg06049868
DMR_417,13,112721325,112722333,4,cg24604013;cg02547394;cg16705627;cg15466862
DMR_418,13,112726118,112726662,3,cg14582400;cg26630231;cg14289542
DMR_419,13,112759355,112759893,4,cg15415452;cg21054521;cg13692446;cg25570913
DMR_420,13,113718667,113719440,4,cg12924899;cg16325826;cg25307724;cg04708126
DMR_421,13,114065669,114065897,3,cg26631454;cg26082814;cg26081974
DMR_422,14,20903410,20903611,3,cg02852670;cg19635505;cg10982443
DMR_423,14,24803873,24804339,4,cg23179456;cg25556905;cg12265829;cg14287235
DMR_424,14,29234671,29235196,4,cg24725576;cg23191956;cg25078444;cg16038120
DMR_425,14,29243234,29243690,3,cg04184232;cg17007640;cg23302649
DMR_426,14,29254680,29254942,3,cg13046832;cg01302656;cg14006181
DMR_427,14,37123678,37124434,4,cg06873880;cg07068674;cg13023870;cg01843946
DMR_428,14,37135586,37136391,6,cg26094789;cg20710709;cg06756919;cg17696160;cg23683588;cg18361098
DMR_429,14,38071285,38071393,3,cg07115626;cg18252039;cg01739725
DMR_430,14,38724648,38725312,4,cg16404157;cg05057720;cg23288059;cg08139247
DMR_431,14,52734251,52735421,8,cg24089118;cg18242103;cg24989962;cg17929687;cg05302386;cg09516965;cg19716643;cg18693395
DMR_432,14,55907299,55907427,3,cg15312264;cg23251248;cg10257302
DMR_433,14,57261601,57262177,4,cg06633061;cg00107772;cg08235161;cg21106407
DMR_434,14,57265268,57265910,4,cg25062778;cg18479593;cg18280830;cg27175093
DMR_435,14,57274739,57275166,3,cg10042106;cg27122213;cg20575761
DMR_436,14,57275967,57277227,6,cg03091551;cg02036261;cg13023623;cg02086467;cg06966811;cg15607672
DMR_437,14,57278084,57279115,6,cg16793394;cg18451814;cg05241355;cg09624466;cg21039708;cg25092838
DMR_438,14,57283942,57284528,3,cg22967396;cg14248715;cg04548856
DMR_439,14,60952097,60952405,3,cg05255275;cg18921771;cg23989821
DMR_440,14,60973462,60974039,5,cg13169011;cg21026830;cg13539545;cg24736989;cg10755235
DMR_441,14,60975846,60976285,5,cg18639233;cg20585530;cg06785999;cg14186066;cg19456540
DMR_442,14,60976898,60977300,3,cg14511698;cg07862488;cg19981568
DMR_443,14,60977856,60978275,4,cg13019491;cg00157572;cg14507337;cg11126767
DMR_444,14,61104329,61104571,3,cg01541645;cg12091642;cg02745636
DMR_445,14,61108391,61110002,6,cg08082810;cg19610529;cg23322933;cg01449136;cg02320543;cg18103859
DMR_446,14,61118751,61119262,3,cg15425541;cg00779065;cg23462956
DMR_447,14,70653719,70653964,3,cg10848272;cg00890485;cg23241781
DMR_448,14,75897376,75897841,3,cg18372896;cg00716257;cg22143352
DMR_449,14,101192913,101193397,3,cg10528576;cg11193865;cg02874376
DMR_450,14,101923218,101923702,4,cg14098847;cg20981086;cg09821185;cg05369857
DMR_451,14,102027677,102027797,3,cg01664864;cg18804615;cg00741900
DMR_452,14,104552032,104552209,3,cg07150062;cg10761315;cg20965743
DMR_453,15,27215997,27216819,7,cg03024760;cg02281208;cg08182446;cg08445263;cg00745725;cg11651237;cg05678749
DMR_454,15,29033893,29034163,4,cg10758057;cg13908315;cg08107689;cg00646019
DMR_455,15,29407792,29408145,3,cg09077934;cg17716765;cg08438435
DMR_456,15,53075421,53075533,3,cg22711676;cg00074145;cg07569216
DMR_457,15,53086857,53087887,8,cg11324957;cg25689193;cg21038785;cg12062220;cg09481404;cg08867241;cg22078710;cg07206712
DMR_458,15,53093007,53093509,3,cg06999762;cg25620430;cg00400532
DMR_459,15,53097777,53098475,5,cg01663018;cg00860379;cg12352124;cg23989673;cg25577821
DMR_460,15,74658166,74658547,4,cg09490603;cg02916102;cg17588266;cg16332610
DMR_461,15,83953744,83954246,6,cg18952647;cg26429925;cg26654798;cg17124224;cg06523224;cg10275315
DMR_462,15,89920824,89921182,4,cg27407147;cg21751684;cg03766449;cg12598235
DMR_463,15,89922071,89922345,3,cg12850078;cg09969277;cg09086835
DMR_464,15,89951787,89953370,6,cg18724430;cg14164044;cg18698788;cg26434983;cg03457729;cg00766188
DMR_465,15,96868857,96869132,6,cg17826834;cg09969043;cg03018496;cg04308089;cg26593946;cg05108467
DMR_466,16,22825843,22826243,4,cg16399049;cg03757784;cg19064258;cg08214995
DMR_467,16,23846893,23848003,6,cg08406370;cg04279973;cg03306374;cg03217795;cg03156893;cg21370856
DMR_468,16,31580150,31580989,6,cg06301178;cg16635314;cg07350501;cg10222027;cg04764012;cg15811515
DMR_469,16,49311782,49312543,5,cg09919570;cg17683110;cg02809746;cg01687680;cg02696327
DMR_470,16,50875140,50875307,3,cg08394412;cg04294437;cg05766489
DMR_471,16,51147536,51147902,3,cg05583608;cg02455820;cg06482019
DMR_472,16,51184152,51184392,4,cg10297473;cg04550052;cg04698114;cg00582524
DMR_473,16,51187536,51188762,7,cg03205252;cg05875410;cg03356595;cg08087868;cg02352240;cg00683332;cg00573835
DMR_474,16,55690378,55690443,3,cg03226000;cg09774787;cg09321400
DMR_475,16,62070086,62070234,4,cg06831576;cg27120816;cg01718742;cg07681938
DMR_476,16,66613096,66613278,6,cg08032924;cg07153665;cg05546863;cg16626067;cg09854734;cg06666025
DMR_477,16,68481049,68481489,4,cg04464276;cg05948940;cg00891541;cg10556064
DMR_478,16,85932666,85932853,3,cg26970841;cg03978375;cg24826867
DMR_479,16,86547322,86547544,4,cg04787888;cg01243371;cg00551679;cg02783918
DMR_480,16,86600309,86600499,3,cg07249459;cg09360770;cg02943578
DMR_481,17,750241,750766,4,cg10805039;cg19987768;cg23241448;cg14008999
DMR_482,17,1549012,1549108,3,cg00869668;cg12485428;cg08677655
DMR_483,17,6679484,6679597,5,cg08843809;cg02093112;cg07540103;cg02374745;cg20723355
DMR_484,17,25798973,25799447,3,cg05246522;cg05784862;cg02512902
DMR_485,17,32483711,32484259,6,cg11101926;cg02423064;cg25033990;cg19942495;cg24613080;cg14603098
DMR_486,17,35293930,35294491,5,cg24761507;cg22660578;cg05527869;cg10043865;cg10356613
DMR_487,17,35299270,35300677,6,cg00574563;cg14754787;cg19760241;cg20950167;cg10689404;cg03323462
DMR_488,17,36734660,36735245,4,cg05927714;cg14424407;cg10184983;cg22904737
DMR_489,17,38717206,38717275,3,cg26960939;cg16047279;cg07248223
DMR_490,17,40715222,40715244,4,cg15138339;cg19618279;cg05465955;cg25135457
DMR_491,17,43037114,43037427,3,cg22791987;cg02395846;cg00164949
DMR_492,17,44896877,44897512,5,cg13998093;cg02017282;cg15237742;cg24114556;cg00817598
DMR_493,17,46604393,46604774,3,cg04171235;cg02508651;cg06893273
DMR_494,17,46607828,46608570,6,cg04904318;cg07823492;cg24948406;cg26634219;cg26687072;cg02497558
DMR_495,17,46622037,46622522,5,cg25882366;cg26841048;cg09313705;cg22777724;cg22807449
DMR_496,17,46645972,46646359,3,cg07850987;cg19104015;cg02749463
DMR_497,17,46655289,46655818,8,cg07438617;cg21546671;cg14458834;cg15565065;cg08089301;cg07015911;cg09194159;cg26327071
DMR_498,17,46669485,46670029,5,cg19047868;cg00711072;cg12744859;cg25365260;cg17062109
DMR_499,17,46674041,46674514,4,cg22583148;cg01774894;cg26279336;cg11352083
DMR_500,17,46711017,46711446,4,cg23690166;cg26608174;cg01452847;cg22851691
DMR_501,17,46719276,46720050,6,cg22471726;cg08362273;cg16320249;cg08012521;cg26879581;cg20651616
DMR_502,17,46796908,46797568,3,cg11561737;cg09659227;cg02052915
DMR_503,17,46799640,46800028,4,cg12374721;cg09866983;cg20945566;cg27170782
DMR_504,17,46802871,46803008,3,cg19057986;cg09000583;cg08594218
DMR_505,17,46824915,46825179,3,cg18087672;cg20637609;cg16135698
DMR_506,17,46827458,46827626,3,cg04591032;cg23905164;cg04262140
DMR_507,17,48042135,48042917,5,cg17833265;cg26736812;cg05882680;cg21342910;cg08278108
DMR_508,17,48546193,48546554,3,cg17890928;cg19961043;cg05180443
DMR_509,17,56232302,56232499,3,cg19828416;cg22466653;cg12463722
DMR_510,17,57918262,57918682,5,cg27023597;cg04276626;cg02515217;cg15759721;cg07181702
DMR_511,17,59529316,59530104,4,cg00849610;cg26199241;cg02081266;cg26130488
DMR_512,17,59531744,59532564,5,cg00037457;cg10606834;cg14823851;cg04567731;cg09258804
DMR_513,17,59534637,59535253,5,cg24274579;cg00158789;cg25900280;cg17975443;cg07265743
DMR_514,17,63624567,63624698,3,cg17838697;cg10450692;cg22177308
DMR_515,17,68171276,68171750,3,cg24280925;cg18984165;cg12204395
DMR_516,17,74868670,74869001,3,cg05514299;cg27149973;cg21868063
DMR_517,17,78865373,78865755,3,cg03502601;cg09803959;cg04658243
DMR_518,17,79099481,79099882,5,cg02317955;cg26766064;cg18637486;cg06807993;cg06869212
DMR_519,17,79652024,79652389,3,cg16549644;cg22209573;cg08782899
DMR_520,17,80289541,80290217,6,cg26457700;cg22482278;cg07468956;cg09043518;cg07369606;cg10853949
DMR_521,18,11148769,11148932,4,cg24362812;cg10023530;cg03602280;cg12951849
DMR_522,18,12254173,12254976,6,cg12072560;cg21114773;cg12395205;cg07204280;cg16727201;cg07824824
DMR_523,18,13641735,13641894,3,cg01022219;cg19389293;cg04967578
DMR_524,18,14748250,14748439,3,cg24061208;cg03014326;cg02992546
DMR_525,18,21452730,21452895,3,cg23931049;cg20937934;cg26485825
DMR_526,18,49868477,49868552,3,cg01839464;cg21623566;cg18866015
DMR_527,18,55019708,55020099,4,cg22070406;cg24811864;cg13096208;cg04017533
DMR_528,18,55095177,55095886,5,cg05735180;cg03996195;cg15222899;cg13633270;cg16061498
DMR_529,18,55103734,55104078,3,cg25547580;cg23757446;cg02455094
DMR_530,18,61143926,61144339,6,cg20490031;cg11862144;cg26753302;cg20837735;cg08411049;cg15422147
DMR_531,18,74961737,74962794,9,cg15146859;cg03032214;cg03659519;cg20872937;cg17911318;cg03502002;cg04534765;cg06360427;cg10390058
DMR_532,19,3097565,3097728,3,cg00168191;cg24366168;cg02261780
DMR_533,19,9473598,9473880,8,cg05928342;cg13703871;cg08065231;cg09578475;cg07788092;cg09643544;cg24189904;cg17283453
DMR_534,19,9609395,9609422,4,cg18568589;cg05221167;cg19544372;cg19254119
DMR_535,19,10231566,10231711,3,cg05328461;cg26826183;cg19766988
DMR_536,19,12305854,12306198,3,cg03192598;cg22195627;cg17971015
DMR_537,19,12624466,12624770,4,cg22637867;cg08204783;cg21298174;cg23989004
DMR_538,19,13616871,13617094,4,cg22187630;cg17509220;cg22491927;cg17509967
DMR_539,19,15121913,15122142,3,cg18721420;cg04768697;cg02241330
DMR_540,19,16394366,16394638,4,cg02381279;cg24361291;cg11762018;cg22732101
DMR_541,19,22816896,22817371,5,cg08271804;cg24889512;cg05241461;cg03230154;cg01485075
DMR_542,19,30866192,30866365,4,cg03758150;cg06000994;cg23331421;cg23642130
DMR_543,19,34112683,34113449,6,cg27058486;cg26565021;cg19594305;cg16190732;cg25999442;cg05627639
DMR_544,19,37096148,37096487,5,cg25397945;cg02587316;cg18630667;cg05020604;cg04332534
DMR_545,19,38886110,38886554,3,cg23874437;cg03733219;cg27549878
DMR_546,19,41595975,41596066,3,cg05372113;cg18591496;cg04176888
DMR_547,19,45174681,45175197,3,cg23147597;cg03228555;cg02127965
DMR_548,19,52222446,52223099,3,cg01024444;cg13944175;cg08065657
DMR_549,19,52391166,52391304,5,cg24794228;cg10783469;cg16731240;cg23010048;cg11269599
DMR_550,19,52452317,52452447,3,cg04645914;cg21549195;cg24886257
DMR_551,19,53758031,53758289,3,cg24685755;cg03217253;cg06506966
DMR_552,19,54445377,54445888,3,cg19925849;cg08393317;cg21477176
DMR_553,19,57323840,57324295,3,cg19212949;cg25401594;cg08155759
DMR_554,19,57617602,57618436,4,cg06717850;cg12355110;cg18384778;cg27288226
DMR_555,19,58220295,58220662,4,cg11294513;cg05661282;cg21790626;cg08668790
DMR_556,19,58629719,58629975,4,cg10659886;cg14231297;cg17408527;cg18693673
DMR_557,19,58715577,58716032,4,cg00298065;cg19416570;cg26698460;cg22720790
DMR_558,20,591083,591151,3,cg25984671;cg12807794;cg02760031
DMR_559,20,1783963,1784365,3,cg17125477;cg10555583;cg14424538
DMR_560,20,11898478,11898557,3,cg04682802;cg05822633;cg01444716
DMR_561,20,23015906,23015936,4,cg17586860;cg18197392;cg07676859;cg22534145
DMR_562,20,37353032,37353126,6,cg07033372;cg25307168;cg12180703;cg10615414;cg08313939;cg24454144
DMR_563,20,48099146,48099359,3,cg26709285;cg12392473;cg12307787
DMR_564,20,50108912,50109375,3,cg20039443;cg02263932;cg09465142
DMR_565,20,52199594,52199778,3,cg09029902;cg20979153;cg09228833
DMR_566,20,54580070,54580677,4,cg20779964;cg00480389;cg25993718;cg27563985
DMR_567,20,55200146,55200445,3,cg07211212;cg21729992;cg19107469
DMR_568,20,57875346,57875703,6,cg04048259;cg17146570;cg08318212;cg20910807;cg02081277;cg19194373
DMR_569,20,61339871,61340542,5,cg03567830;cg11877251;cg05295038;cg09893588;cg00254133
DMR_570,20,61638518,61638588,3,cg14060496;cg26492446;cg27501878
DMR_571,21,32185331,32185576,3,cg12346967;cg24423088;cg16366073
DMR_572,21,34398085,34398265,4,cg27254482;cg27357571;cg09793121;cg22869726
DMR_573,21,36421467,36421955,4,cg01519261;cg04915566;cg13030790;cg08443845
DMR_574,21,38076869,38077971,6,cg21697851;cg16851417;cg08066129;cg10456990;cg26720125;cg26701242
DMR_575,21,38082613,38083149,3,cg24080247;cg04648480;cg25446076
DMR_576,22,17956453,17956641,5,cg01010211;cg24074477;cg03408904;cg13762691;cg07197230
DMR_577,22,28839137,28839667,3,cg27422872;cg04294888;cg26480862
DMR_578,22,40081812,40082316,3,cg18445088;cg00058879;cg20996561
DMR_579,1,3100259,3100497,3,cg07209071;cg18759102;cg05354921
DMR_580,1,3567214,3567986,11,cg19135761;cg04021697;cg21000072;cg16823083;cg26128092;cg07382920;cg10038618;cg25731359;cg01434649;cg20611911;cg24073122
DMR_581,1,4714008,4714171,3,cg20959866;cg13495205;cg15484532
DMR_582,1,18956762,18957232,4,cg04129469;cg25020286;cg05052324;cg07536847
DMR_583,1,24152579,24152774,4,cg24699146;cg25037394;cg09473613;cg18888403
DMR_584,1,25257505,25258225,6,cg07996594;cg04221877;cg15014975;cg24463471;cg26256263;cg24006721
DMR_585,1,27961563,27961868,4,cg14181576;cg09370867;cg13448978;cg21115433
DMR_586,1,34642396,34642862,5,cg24411961;cg02656891;cg22697574;cg16348470;cg04025150
DMR_587,1,38200920,38201123,3,cg24375409;cg04622024;cg11664987
DMR_588,1,38230827,38230887,4,cg07447922;cg18537001;cg21306240;cg06163371
DMR_589,1,38412519,38412744,5,cg23262274;cg17949727;cg10784030;cg05749969;cg02309273
DMR_590,1,40598455,40598779,4,cg07405182;cg13451356;cg16555417;cg16458866
DMR_591,1,43770557,43770851,3,cg03971454;cg08928753;cg18175779
DMR_592,1,46913787,46914528,4,cg25757115;cg14258341;cg00279790;cg13922291
DMR_593,1,46951318,46951589,4,cg03257575;cg19807257;cg03401357;cg19375537
DMR_594,1,47694919,47695475,4,cg10026317;cg06087421;cg06955484;cg19797376
DMR_595,1,47900256,47900320,3,cg22438763;cg08638320;cg03440588
DMR_596,1,50513645,50513927,7,cg10989897;cg18202449;cg19098763;cg02623400;cg05697849;cg13678973;cg00963169
DMR_597,1,50882910,50883394,3,cg17088073;cg17603689;cg23097402
DMR_598,1,50884242,50884544,3,cg21774338;cg10512745;cg09792881
DMR_599,1,50886782,50886969,3,cg16732616;cg25191628;cg12756396
DMR_600,1,50888590,50889225,3,cg17800654;cg26560222;cg00152008
DMR_601,1,58715532,58715553,3,cg04937080;cg05375728;cg27510182
DMR_602,1,60539362,60539671,3,cg24740868;cg00914726;cg09851465
DMR_603,1,62660624,62660861,3,cg23049458;cg12640000;cg03731268
DMR_604,1,63784454,63785946,6,cg17941572;cg19801921;cg15617155;cg02283366;cg10785263;cg06962177
DMR_605,1,63795435,63795970,5,cg20321153;cg00347677;cg05923687;cg10249375;cg15837212
DMR_606,1,65731432,65731738,3,cg26615127;cg00466108;cg07027116
DMR_607,1,65991176,65991765,3,cg08234308;cg16987305;cg03514351
DMR_608,1,67217769,67218505,8,cg09769134;cg08857729;cg24110050;cg14207728;cg19808205;cg17284804;cg25339566;cg19159365
DMR_609,1,75602167,75602846,3,cg08272731;cg08146483;cg12764034
DMR_610,1,78511466,78511856,4,cg01074657;cg00347563;cg25288420;cg04912843
DMR_611,1,79472282,79472452,5,cg14319235;cg21113740;cg04360793;cg15084543;cg26422458
DMR_612,1,91182128,91183051,5,cg15979173;cg26332310;cg01921432;cg18322569;cg25026529
DMR_613,1,91184770,91185922,7,cg26917140;cg12656020;cg00088183;cg22507154;cg24884703;cg14795752;cg07318983
DMR_614,1,91190005,91191001,8,cg21542223;cg26568372;cg05039548;cg20634266;cg19414591;cg15452970;cg24453699;cg20463526
DMR_615,1,91192025,91192803,7,cg07995570;cg03974889;cg06936155;cg22167515;cg24347994;cg14663264;cg20041088
DMR_616,1,91194674,91195504,6,cg00000165;cg13200838;cg12071888;cg00910518;cg04560225;cg08713568
DMR_617,1,91300215,91300446,6,cg16400631;cg17443359;cg20387429;cg18486235;cg04929703;cg00667862
DMR_618,1,91301651,91301962,3,cg00503383;cg18235734;cg17799946
DMR_619,1,110254828,110254896,3,cg25210835;cg24467349;cg14377951
DMR_620,1,110610452,110611465,4,cg13803688;cg18786873;cg11071207;cg06215569
DMR_621,1,111813509,111813852,3,cg23279117;cg07197785;cg13469595
DMR_622,1,114414312,114414408,3,cg00916635;cg14385738;cg00041401
DMR_623,1,115397374,115398123,3,cg07832006;cg10440578;cg12813768
DMR_624,1,119522188,119522855,4,cg22378919;cg13655674;cg06158650;cg18944010
DMR_625,1,119526060,119526437,3,cg16990168;cg24720355;cg19730691
DMR_626,1,119527008,119529266,12,cg02829688;cg21647227;cg13080379;cg26104752;cg14175690;cg10145246;cg21170796;cg06204711;cg07820868;cg15513743;cg27517681;cg09260773
DMR_627,1,119530600,119531093,5,cg04550737;cg21392341;cg27262412;cg24475782;cg25755283
DMR_628,1,119531718,119532925,13,cg03760839;cg24842086;cg14565725;cg24884142;cg07892597;cg10703826;cg05940231;cg25340966;cg08942939;cg03942051;cg22820316;cg02362103;cg23371746
DMR_629,1,119535500,119536288,7,cg07817024;cg17326555;cg22871653;cg24035245;cg24041917;cg19300924;cg17436134
DMR_630,1,119548527,119548852,3,cg15724945;cg01959730;cg09232478
DMR_631,1,149137747,149138268,3,cg14222229;cg01105140;cg24503056
DMR_632,1,156357839,156358408,8,cg22353551;cg17966560;cg21297493;cg10434261;cg24361162;cg12062819;cg23842796;cg20433275
DMR_633,1,156404965,156406711,7,cg02232839;cg23217622;cg10323725;cg15072319;cg13689003;cg01937068;cg15820574
DMR_634,1,156616560,156616855,3,cg00502190;cg16269733;cg25773262
DMR_635,1,158390649,158391119,3,cg26151206;cg27235829;cg01733284
DMR_636,1,161008705,161008826,4,cg13466383;cg24161057;cg13906823;cg12426196
DMR_637,1,165324411,165325136,3,cg08291024;cg09806671;cg08460041
DMR_638,1,166039444,166039858,3,cg21908886;cg03421657;cg02456804
DMR_639,1,169396635,169396868,7,cg00100121;cg13958426;cg00002719;cg08104202;cg16998150;cg08047907;cg24808280
DMR_640,1,170630070,170630734,5,cg22797031;cg15711902;cg23089825;cg04123776;cg07149609
DMR_641,1,173638690,173639135,3,cg06372962;cg15883716;cg17014785
DMR_642,1,181056650,181057279,3,cg27176729;cg02661372;cg22801949
DMR_643,1,181286843,181287684,3,cg11824956;cg22533517;cg12059112
DMR_644,1,197882170,197882836,4,cg25212090;cg15544654;cg16353006;cg05128414
DMR_645,1,197887955,197889248,8,cg12444328;cg20329405;cg00795248;cg08610862;cg06661450;cg08883223;cg09076431;cg04365202
DMR_646,1,203044677,203045044,4,cg15618108;cg14640592;cg17862152;cg00805880
DMR_647,1,204328843,204329158,3,cg27549944;cg04705659;cg24864241
DMR_648,1,207225128,207225647,3,cg02710090;cg06119874;cg01380361
DMR_649,1,208084071,208084456,3,cg16291276;cg16115720;cg04292718
DMR_650,1,211652276,211652688,3,cg06640630;cg14264194;cg09810089
DMR_651,1,214153294,214153472,4,cg26926612;cg02892286;cg25742246;cg24244374
DMR_652,1,217311151,217312060,9,cg06634716;cg21784383;cg25975621;cg00913949;cg25755575;cg24630419;cg27520776;cg11800620;cg13967702
DMR_653,1,224363449,224363575,3,cg10502231;cg04623265;cg17239057
DMR_654,1,227748442,227748719,3,cg05053440;cg14789818;cg20699586
DMR_655,1,229567914,229568360,3,cg05353133;cg04568492;cg11668749
DMR_656,1,230249965,230250356,4,cg16314254;cg17737409;cg09847368;cg00566187
DMR_657,1,231296818,231297103,3,cg08855395;cg11192416;cg15104644
DMR_658,1,235814009,235814814,5,cg17816394;cg09649610;cg22941646;cg06173536;cg14099468
DMR_659,1,236849942,236849994,3,cg11215976;cg18770350;cg20482698
DMR_660,1,240160972,240161447,4,cg12864185;cg13239420;cg21854408;cg03075534
DMR_661,1,247511364,247511469,3,cg15092219;cg06902607;cg26276327
DMR_662,1,247712377,247712591,3,cg12769118;cg17518550;cg05767404
DMR_663,1,248020377,248021091,8,cg10983544;cg20429172;cg20810478;cg26157385;cg23054189;cg20146541;cg07533148;cg16021909
DMR_664,1,248100407,248100585,3,cg08260406;cg04028570;cg03748376
DMR_665,1,248366332,248366883,3,cg06393354;cg05353872;cg07598464
DMR_666,2,468179,468413,3,cg13699355;cg20754261;cg16073378
DMR_667,2,1204376,1204879,4,cg05978707;cg09062961;cg27243490;cg13049247
DMR_668,2,1417153,1417248,3,cg12680131;cg06500727;cg07083862
DMR_669,2,1926535,1926907,5,cg18148375;cg25654677;cg06552160;cg00067742;cg14128411
DMR_670,2,3642629,3642732,4,cg19867917;cg09974661;cg00835279;cg17872886
DMR_671,2,4050719,4050845,3,cg19006220;cg00217080;cg15375488
DMR_672,2,9235898,9235972,3,cg20610452;cg24231854;cg04575202
DMR_673,2,10637974,10638113,3,cg01517500;cg04571189;cg22157027
DMR_674,2,20870812,20871195,3,cg14780466;cg10687131;cg10553204
DMR_675,2,25390385,25390540,3,cg09527270;cg03560973;cg09672383
DMR_676,2,45028802,45029285,3,cg00028211;cg20536041;cg19893751
DMR_677,2,45159434,45160490,8,cg16668359;cg06391932;cg02272993;cg23325963;cg24981593;cg01362243;cg03714619;cg02155398
DMR_678,2,45171340,45172169,4,cg02120584;cg02649597;cg00097146;cg08696165
DMR_679,2,45231226,45231891,5,cg13261971;cg21875802;cg06007282;cg04362586;cg05514256
DMR_680,2,46593223,46593271,3,cg13997788;cg00097800;cg10507988
DMR_681,2,63280625,63282043,6,cg10640333;cg27364741;cg25622366;cg03655683;cg00445405;cg00463767
DMR_682,2,63282702,63283013,3,cg04654530;cg08473330;cg07974511
DMR_683,2,63283939,63286355,17,cg07938743;cg21472506;cg23229261;cg10122865;cg25371919;cg19763461;cg22249789;cg22666373;cg17145370;cg05092308;cg19351026;cg04371726;cg18947951;cg07617338;cg27315333;cg11536474;cg25168494
DMR_684,2,64834106,64834430,3,cg02598079;cg26575450;cg03517776
DMR_685,2,66664667,66665428,5,cg16927242;cg05496203;cg06796713;cg23398076;cg00995986
DMR_686,2,66666470,66668012,11,cg09462924;cg23497016;cg23972738;cg22731271;cg16178603;cg17945976;cg11433622;cg17107572;cg04288999;cg05877497;cg26537478
DMR_687,2,66671478,66671727,3,cg01271812;cg09535924;cg12082609
DMR_688,2,71017541,71017887,3,cg22650617;cg16907558;cg26095658
DMR_689,2,71134586,71134791,4,cg10617784;cg01109169;cg19907796;cg17649293
DMR_690,2,74153195,74153317,3,cg02478828;cg19752861;cg01629435
DMR_691,2,74741853,74743437,5,cg05349062;cg07990546;cg19656282;cg07203423;cg21185289
DMR_692,2,87036626,87037038,3,cg12606911;cg06804210;cg27481559
DMR_693,2,99439533,99439883,3,cg19043574;cg20666917;cg11636504
DMR_694,2,105459164,105461096,6,cg08189989;cg19267252;cg00619126;cg00001747;cg02013838;cg17529832
DMR_695,2,106681937,106682209,5,cg14535980;cg21838979;cg06499647;cg07510423;cg17161250
DMR_696,2,108994116,108994528,4,cg17966192;cg19908768;cg14300730;cg05036173
DMR_697,2,114048868,114049041,3,cg22541830;cg26230651;cg00788028
DMR_698,2,118981391,118982580,7,cg10888941;cg05268203;cg06530490;cg05766802;cg23413104;cg15174552;cg03449108
DMR_699,2,119599189,119600002,7,cg10846615;cg20175390;cg26946259;cg20627174;cg21811143;cg21215767;cg16794506
DMR_700,2,119602857,119603383,3,cg15724256;cg20248516;cg17167253
DMR_701,2,119607379,119607885,4,cg03726556;cg14228146;cg18093372;cg09385093
DMR_702,2,119615998,119616825,5,cg08390877;cg05256483;cg05270938;cg26994225;cg14634534
DMR_703,2,121412005,121412432,3,cg13283952;cg04864807;cg04752871
DMR_704,2,121625577,121625735,3,cg13713922;cg03287111;cg03465652
DMR_705,2,124782253,124782885,6,cg08523865;cg03696599;cg13358636;cg18582824;cg12919006;cg11344566
DMR_706,2,128458281,128458556,4,cg03339817;cg11206634;cg08726863;cg14285788
DMR_707,2,131673771,131674175,3,cg09015973;cg07815799;cg00028678
DMR_708,2,133175311,133175397,3,cg19309079;cg14543676;cg18223770
DMR_709,2,157178647,157178889,3,cg02743713;cg18786593;cg16700364
DMR_710,2,162280341,162280741,3,cg06488443;cg06382344;cg12520549
DMR_711,2,162283189,162284644,9,cg23161999;cg09019936;cg01419831;cg10945079;cg27404023;cg16653620;cg03457195;cg27322846;cg22677715
DMR_712,2,171676553,171676925,3,cg01089249;cg01089319;cg14005211
DMR_713,2,172945058,172946193,5,cg16792302;cg08402365;cg24724664;cg16472050;cg08750504
DMR_714,2,172952136,172953134,5,cg17737681;cg12308746;cg10709593;cg05938001;cg07936950
DMR_715,2,172972840,172973241,3,cg20935165;cg12021814;cg17518215
DMR_716,2,175208588,175208761,4,cg00178897;cg23064609;cg15126975;cg06973615
DMR_717,2,176932458,176933407,4,cg04528477;cg14526718;cg08195247;cg01047586
DMR_718,2,176936091,176936942,6,cg03151469;cg04452311;cg01429449;cg09323727;cg00459623;cg23429510
DMR_719,2,176947786,176948759,9,cg23242052;cg27116912;cg07536910;cg01720455;cg01749491;cg11359133;cg14118515;cg15133351;cg07411620
DMR_720,2,176956396,176956678,3,cg21128569;cg07802350;cg10418524
DMR_721,2,176964101,176964720,8,cg06571387;cg01405040;cg03874199;cg12268637;cg11754318;cg02694427;cg23130254;cg03964958
DMR_722,2,176977285,176977773,3,cg09615505;cg10103266;cg02164225
DMR_723,2,176980837,176981422,6,cg20649017;cg21591742;cg10364040;cg18115040;cg05979020;cg25371634
DMR_724,2,176985592,176986659,4,cg02164574;cg23068499;cg08363794;cg14410016
DMR_725,2,176987383,176989349,13,cg09968620;cg14991487;cg09578028;cg04739647;cg05167251;cg02885007;cg22674699;cg22541735;cg14236662;cg15991405;cg12969193;cg11597131;cg09173768
DMR_726,2,176993017,176993643,5,cg00035316;cg18448949;cg25423004;cg09238180;cg20732478
DMR_727,2,176994365,176994764,3,cg19384289;cg14473102;cg24416513
DMR_728,2,177003735,177004015,3,cg06896987;cg11248896;cg18516557
DMR_729,2,177012117,177012640,5,cg14298457;cg22344631;cg04194947;cg15990972;cg17818471
DMR_730,2,177014009,177014996,10,cg23460578;cg22352800;cg19519747;cg07011913;cg12127282;cg27160395;cg17104824;cg00014998;cg12215739;cg25942990
DMR_731,2,177015992,177016619,4,cg21011616;cg18750960;cg19509393;cg25951210
DMR_732,2,177023667,177024294,5,cg06390651;cg18944451;cg25916282;cg05342515;cg13180315
DMR_733,2,177025608,177026301,5,cg09601175;cg23676302;cg07930539;cg19047265;cg01871127
DMR_734,2,177027043,177027931,8,cg06316886;cg12938020;cg02773086;cg01014615;cg18702197;cg24704177;cg13316854;cg06145336
DMR_735,2,177028606,177030228,10,cg12634591;cg01128482;cg09387749;cg00005847;cg24541426;cg05021643;cg21092808;cg00893471;cg05864326;cg14666564
DMR_736,2,183730940,183731310,3,cg26700716;cg01481989;cg09484039
DMR_737,2,186603398,186603639,4,cg21353911;cg10173774;cg20896233;cg24766821
DMR_738,2,200329654,200329680,3,cg05165940;cg10982364;cg22539420
DMR_739,2,200331917,200332025,3,cg08351100;cg24688655;cg27109600
DMR_740,2,200333401,200334439,5,cg03965648;cg08690859;cg19376851;cg16798252;cg24345062
DMR_741,2,200335101,200335874,3,cg25740565;cg10168149;cg00768993
DMR_742,2,207507001,207507528,3,cg17165841;cg21541833;cg12848065
DMR_743,2,208988932,208989324,3,cg19404813;cg22399133;cg25429719
DMR_744,2,220174201,220174251,3,cg16166796;cg03970036;cg01382864
DMR_745,2,220196530,220196755,3,cg05864140;cg22400015;cg13321077
DMR_746,2,220299604,220299740,6,cg18984724;cg15634877;cg12213062;cg23065715;cg24207529;cg07921384
DMR_747,2,223154140,223154201,3,cg04688351;cg23077820;cg22989843
DMR_748,2,223162797,223163809,11,cg10416206;cg25596297;cg06916239;cg23546474;cg20969194;cg14265823;cg15608397;cg15703632;cg20584905;cg15133719;cg09424526
DMR_749,2,223164831,223164869,4,cg27480727;cg16529477;cg18077971;cg19352038
DMR_750,2,223168453,223168941,5,cg14688579;cg07119829;cg14559259;cg08506931;cg12973118
DMR_751,2,223176606,223177493,3,cg15054725;cg00073837;cg05214685
DMR_752,2,229045958,229046785,5,cg24333629;cg04072323;cg06092815;cg10959353;cg00423153
DMR_753,2,235936137,235936596,4,cg02447239;cg24995678;cg23946364;cg20477160
DMR_754,2,237077920,237078733,5,cg19714279;cg17171215;cg11612786;cg06546806;cg07014673
DMR_755,2,240168836,240169280,6,cg21621782;cg20852851;cg22937172;cg03585053;cg19324997;cg26495711
DMR_756,2,240196078,240197131,6,cg08629043;cg16348668;cg08565197;cg05870586;cg15978561;cg05903736
DMR_757,3,5024761,5024849,4,cg03598297;cg02220837;cg26344982;cg18768347
DMR_758,3,6902824,6903327,4,cg17892178;cg18863595;cg27199820;cg21187352
DMR_759,3,11178593,11178798,6,cg16929739;cg12179658;cg06457736;cg08831077;cg25677394;cg27092248
DMR_760,3,11623526,11623873,3,cg18809126;cg03370106;cg18096987
DMR_761,3,27764810,27765409,3,cg16971668;cg15540820;cg24961583
DMR_762,3,27766009,27766382,5,cg19426522;cg15588215;cg18293662;cg26106948;cg02391509
DMR_763,3,49939703,49940353,4,cg18292904;cg11001085;cg18706476;cg23437479
DMR_764,3,62355319,62355525,3,cg00503302;cg12378187;cg18175809
DMR_765,3,62362783,62363076,3,cg24945701;cg10997479;cg25741487
DMR_766,3,69591633,69591807,3,cg08768852;cg17277892;cg01002529
DMR_767,3,79815639,79815848,3,cg11980129;cg04562217;cg21865845
DMR_768,3,112051894,112052405,4,cg01031032;cg04367486;cg03329165;cg07251099
DMR_769,3,124860616,124860871,3,cg12788878;cg26107890;cg26125625
DMR_770,3,129693370,129693613,5,cg18862481;cg11940285;cg22512438;cg02700891;cg01009664
DMR_771,3,138658345,138659021,6,cg15665928;cg24625136;cg21575509;cg22132508;cg14504269;cg08555653
DMR_772,3,138679347,138679578,4,cg12879143;cg21624902;cg25503903;cg10362172
DMR_773,3,141516232,141516705,6,cg04472725;cg18768784;cg06822689;cg12668399;cg22639293;cg25640519
DMR_774,3,147087225,147087702,4,cg08462988;cg26398467;cg24847685;cg09834794
DMR_775,3,147098450,147098585,3,cg25425140;cg12836959;cg02630214
DMR_776,3,147106010,147106890,6,cg00334063;cg22614239;cg08889797;cg04556126;cg04079301;cg16240162
DMR_777,3,147108512,147108916,3,cg26790247;cg16768018;cg15105326
DMR_778,3,147110229,147110378,3,cg27416372;cg08812189;cg07850418
DMR_779,3,147111120,147112096,6,cg27606499;cg03881775;cg00154357;cg03900143;cg02653559;cg26014036
DMR_780,3,147113700,147114406,5,cg05855917;cg18082337;cg12892506;cg18731327;cg00028935
DMR_781,3,147114986,147115506,3,cg08091192;cg08013557;cg03631131
DMR_782,3,147125712,147128157,21,cg23189410;cg08070771;cg11142389;cg24686610;cg12965599;cg23449696;cg23468878;cg15002294;cg02519751;cg26014538;cg05700079;cg14456683;cg01227537;cg18424634;cg14741939;cg02647941;cg01610632;cg04738965;cg26375057;cg12595013;cg05371578
DMR_783,3,147131069,147131332,3,cg05716671;cg12204258;cg18297437
DMR_784,3,147136463,147137180,3,cg04436207;cg18956933;cg15873149
DMR_785,3,147140847,147141614,7,cg12993715;cg15504461;cg01689438;cg07152216;cg14563954;cg17448336;cg26123605
DMR_786,3,147142182,147142415,3,cg01150433;cg27136844;cg21776417
DMR_787,3,157813327,157813670,4,cg27361370;cg10526277;cg05091238;cg27642784
DMR_788,3,157821262,157821994,5,cg04521004;cg12993163;cg09542210;cg20501518;cg04913979
DMR_789,3,170137552,170137871,3,cg17078427;cg05022688;cg06023994
DMR_790,3,172165884,172166517,4,cg10109500;cg24599434;cg17152757;cg14768785
DMR_791,3,172167527,172167810,3,cg22070855;cg23500122;cg07393736
DMR_792,3,183993711,183994073,3,cg01596834;cg19098796;cg08154107
DMR_793,3,187387999,187388148,3,cg15347189;cg16927040;cg02164046
DMR_794,4,379900,380396,3,cg16142855;cg08668316;cg06594404
DMR_795,4,1299155,1299514,3,cg15985344;cg08283595;cg02135083
DMR_796,4,4859772,4860468,5,cg14602530;cg07462756;cg00486340;cg15092343;cg03672274
DMR_797,4,5021084,5021268,4,cg03199564;cg06007271;cg13255282;cg17563034
DMR_798,4,6247215,6247640,3,cg11115235;cg03925294;cg06424065
DMR_799,4,9783198,9783623,6,cg03045635;cg04597433;cg06469345;cg09191036;cg00939495;cg09936561
DMR_800,4,11428822,11429415,3,cg07260927;cg01089498;cg14820199
DMR_801,4,21950155,21950567,3,cg07204550;cg06482428;cg00688962
DMR_802,4,40859251,40859280,3,cg16364495;cg04917391;cg02379560
DMR_803,4,41750362,41750864,3,cg05323533;cg13646020;cg01416712
DMR_804,4,41875193,41875784,3,cg09784335;cg05036656;cg08049853
DMR_805,4,41882564,41882812,3,cg17231999;cg04384626;cg01370541
DMR_806,4,54959419,54960232,3,cg13625875;cg12319534;cg13117164
DMR_807,4,81109888,81110459,3,cg01789499;cg09595050;cg14197071
DMR_808,4,81189706,81189927,3,cg14349667;cg17080423;cg04401986
DMR_809,4,85402397,85402870,3,cg05121006;cg17071446;cg06065125
DMR_810,4,85414016,85414486,3,cg08474859;cg00316839;cg06374325
DMR_811,4,111559066,111559355,3,cg06842954;cg17358883;cg17707140
DMR_812,4,111561070,111561352,3,cg01733176;cg17242937;cg16933229
DMR_813,4,147561203,147561775,3,cg06083330;cg00505045;cg16887264
DMR_814,4,174451443,174451468,3,cg13935962;cg07410872;cg03905758
DMR_815,4,175132842,175133151,3,cg06609094;cg00918522;cg07177380
DMR_816,4,188916668,188916867,4,cg17214381;cg00663077;cg14817655;cg06274159
DMR_817,X,82763219,82763706,4,cg05134041;cg09815793;cg23921534;cg20373036
DMR_818,X,90689603,90690118,5,cg16401529;cg04875162;cg09725213;cg00608151;cg24422680
DMR_819,X,99662650,99663073,3,cg01353903;cg03035653;cg13775533
DMR_820,X,99898921,99899348,4,cg19481953;cg18727700;cg05911774;cg19547549
DMR_821,X,108868271,108868465,3,cg01992935;cg06720669;cg26482893
DMR_822,X,125686801,125686940,3,cg08100618;cg26351479;cg02261899
DMR_823,X,136632433,136633004,3,cg19859323;cg20795578;cg06650546
DMR_824,X,139593162,139593505,3,cg24691854;cg06282524;cg27080287
