DMR_ID,Gene,MeanAbsDeltaGene,DMR_Locus
168,CXCL13,0.019096143534797,chr7:27138396-27138751
168,PITX1,0.012827032483452747,chr7:27138396-27138751
168,FAM83A,0.012289338408184495,chr7:27138396-27138751
168,KRT16,0.01136173710192328,chr7:27138396-27138751
168,ADCY8,0.011315949426147512,chr7:27138396-27138751
168,MYEOV,0.010741644447965508,chr7:27138396-27138751
168,ANGPT4,0.010120975117582295,chr7:27138396-27138751
168,ATP10B,0.009255217749676926,chr7:27138396-27138751
168,C13orf36,0.008781638398460028,chr7:27138396-27138751
168,ZYG11A,0.008685498972801407,chr7:27138396-27138751
168,CYP24A1,0.008243582288675914,chr7:27138396-27138751
168,LOC149620,0.007897740935894671,chr7:27138396-27138751
168,ABCA12,0.007361148136600203,chr7:27138396-27138751
168,C10orf67,0.007119089371224461,chr7:27138396-27138751
168,HTR3C,0.006153293847900083,chr7:27138396-27138751
168,GPR115,0.0058589217100870625,chr7:27138396-27138751
168,HTR3A,0.005723685447833562,chr7:27138396-27138751
168,RBP2,0.005715921305330551,chr7:27138396-27138751
168,HHIPL2,0.005696368348593768,chr7:27138396-27138751
168,ODAM,0.005557204993249685,chr7:27138396-27138751
661,CXCL13,0.014337353214123372,chr1:247511364-247511469
661,ADCY8,0.013956120390715561,chr1:247511364-247511469
661,RS1,0.010916999313882514,chr1:247511364-247511469
661,CYP24A1,0.010387663222581127,chr1:247511364-247511469
661,ANGPT4,0.009081021076905843,chr1:247511364-247511469
661,FAM83A,0.008988609792259423,chr1:247511364-247511469
661,PTPRH,0.008936023243353733,chr1:247511364-247511469
661,C13orf36,0.008930051497518366,chr1:247511364-247511469
661,ZYG11A,0.008504223839341494,chr1:247511364-247511469
661,MYEOV,0.008207002788497694,chr1:247511364-247511469
661,HTR3C,0.007989995246899752,chr1:247511364-247511469
661,ODAM,0.007878473983997245,chr1:247511364-247511469
661,ANGPTL7,0.007848199921418412,chr1:247511364-247511469
661,ATP10B,0.007711231548327293,chr1:247511364-247511469
661,SLC6A4,0.007700853847538686,chr1:247511364-247511469
661,CD300LG,0.007499298794694399,chr1:247511364-247511469
661,AKR1B10,0.007324481949690139,chr1:247511364-247511469
661,NXF3,0.006912513865795296,chr1:247511364-247511469
661,WNT3A,0.006896767804994264,chr1:247511364-247511469
661,RBP2,0.006609883754060242,chr1:247511364-247511469
759,ADCY8,0.011854481800805861,chr3:11178593-11178798
759,CXCL13,0.010636718808015698,chr3:11178593-11178798
759,FAM83A,0.010550144338085677,chr3:11178593-11178798
759,CYP24A1,0.008139217177277457,chr3:11178593-11178798
759,RS1,0.007993236226976256,chr3:11178593-11178798
759,ZYG11A,0.007937146366833773,chr3:11178593-11178798
759,C13orf36,0.007790268255945402,chr3:11178593-11178798
759,HTR3A,0.007768713908221724,chr3:11178593-11178798
759,PTPRH,0.007657751664277894,chr3:11178593-11178798
759,C10orf67,0.00761660846137596,chr3:11178593-11178798
759,WNT3A,0.0074520979893502376,chr3:11178593-11178798
759,ODAM,0.0069467561442554315,chr3:11178593-11178798
759,SLC6A4,0.006891923886404674,chr3:11178593-11178798
759,ANGPT4,0.0064706188120621155,chr3:11178593-11178798
759,PTPRQ,0.006019631747617067,chr3:11178593-11178798
759,ANGPTL7,0.006003005970471812,chr3:11178593-11178798
759,HTR3C,0.005840991770566059,chr3:11178593-11178798
759,CD300LG,0.005644029770697784,chr3:11178593-11178798
759,ATP10B,0.005564788561605101,chr3:11178593-11178798
759,NXF3,0.00544724431031906,chr3:11178593-11178798
582,CXCL13,0.014573473080182808,chr1:18956762-18957232
582,ADCY8,0.01228336942437278,chr1:18956762-18957232
582,ANGPT4,0.011479406152693482,chr1:18956762-18957232
582,KRT16,0.009690760709589094,chr1:18956762-18957232
582,MYEOV,0.009381136738207941,chr1:18956762-18957232
582,ATP10B,0.009188737918918171,chr1:18956762-18957232
582,AKR1B10,0.00847860777769179,chr1:18956762-18957232
582,PITX1,0.007964610655828055,chr1:18956762-18957232
582,CYP1A2,0.007849011010042234,chr1:18956762-18957232
582,ABCA12,0.007463074274343161,chr1:18956762-18957232
582,FAM83A,0.007427420184171835,chr1:18956762-18957232
582,C13orf36,0.007411692221363385,chr1:18956762-18957232
582,HTR3C,0.007202120629225228,chr1:18956762-18957232
582,RS1,0.007064060737633499,chr1:18956762-18957232
582,RBP2,0.006422463774975524,chr1:18956762-18957232
582,NXF3,0.0063467838564014705,chr1:18956762-18957232
582,ANGPTL7,0.005970828089287034,chr1:18956762-18957232
582,SLC6A4,0.005753323637964906,chr1:18956762-18957232
582,LOC149620,0.00560694028064597,chr1:18956762-18957232
582,C10orf67,0.005092381035598793,chr1:18956762-18957232
683,ADCY8,0.013466181741275644,chr2:63283939-63286355
683,CXCL13,0.012096757681006402,chr2:63283939-63286355
683,RS1,0.010074760614182051,chr2:63283939-63286355
683,CYP24A1,0.009712385451088056,chr2:63283939-63286355
683,MYEOV,0.0087313770776276,chr2:63283939-63286355
683,GPR115,0.008646952810859403,chr2:63283939-63286355
683,PTPRH,0.008320175940187847,chr2:63283939-63286355
683,ZYG11A,0.007837268293207989,chr2:63283939-63286355
683,FAM83A,0.007733362348055487,chr2:63283939-63286355
683,KRT16,0.007654101549516105,chr2:63283939-63286355
683,PITX1,0.0069756853680350206,chr2:63283939-63286355
683,AKR1B10,0.006739125650504795,chr2:63283939-63286355
683,GPR87,0.0067389896604127045,chr2:63283939-63286355
683,C13orf36,0.006397428846422774,chr2:63283939-63286355
683,CD300LG,0.0063744666375950216,chr2:63283939-63286355
683,CST1,0.006249908526719404,chr2:63283939-63286355
683,HTR3C,0.006003765189337714,chr2:63283939-63286355
683,ODAM,0.005858755270815877,chr2:63283939-63286355
683,ANGPTL7,0.005642250828731777,chr2:63283939-63286355
683,HTR3A,0.00551061714342356,chr2:63283939-63286355
99,CXCL13,0.013152158891050985,chr6:29943209-29943480
99,ADCY8,0.012879831616955792,chr6:29943209-29943480
99,MYEOV,0.011379608717332691,chr6:29943209-29943480
99,ANGPT4,0.010180472336494365,chr6:29943209-29943480
99,AKR1B10,0.008855928171147451,chr6:29943209-29943480
99,ATP10B,0.008003767048901171,chr6:29943209-29943480
99,CYP24A1,0.007904356555920101,chr6:29943209-29943480
99,PTPRH,0.007397475397719363,chr6:29943209-29943480
99,C13orf36,0.007022606835224103,chr6:29943209-29943480
99,FAM83A,0.006689874757690554,chr6:29943209-29943480
99,RS1,0.006614673144957587,chr6:29943209-29943480
99,ZYG11A,0.006519479635897084,chr6:29943209-29943480
99,GPR115,0.006465067911810921,chr6:29943209-29943480
99,CST1,0.0060828227271904406,chr6:29943209-29943480
99,HTR3C,0.0058822912291907874,chr6:29943209-29943480
99,CYP1A2,0.005686583196691779,chr6:29943209-29943480
99,ANGPTL7,0.005674313870469923,chr6:29943209-29943480
99,WNT3A,0.0055786471138522765,chr6:29943209-29943480
99,KRT16,0.00539707958470383,chr6:29943209-29943480
99,PITX1,0.005288192839439741,chr6:29943209-29943480
371,CXCL13,0.015425490240309453,chr12:52400907-52401523
371,MYEOV,0.009829650085305338,chr12:52400907-52401523
371,ZYG11A,0.00980685886812487,chr12:52400907-52401523
371,ADCY8,0.008993862073397639,chr12:52400907-52401523
371,CYP24A1,0.008827909407599577,chr12:52400907-52401523
371,ANGPT4,0.008339157318660414,chr12:52400907-52401523
371,LOC149620,0.0075776844839237426,chr12:52400907-52401523
371,KRT16,0.007539392204115744,chr12:52400907-52401523
371,PITX1,0.007409955071151515,chr12:52400907-52401523
371,ODAM,0.007335018407360424,chr12:52400907-52401523
371,AKR1B10,0.007135833905160305,chr12:52400907-52401523
371,RS1,0.007007767945365255,chr12:52400907-52401523
371,C13orf36,0.006520750627144667,chr12:52400907-52401523
371,FAM83A,0.006245841602767891,chr12:52400907-52401523
371,GPR115,0.006231818992222503,chr12:52400907-52401523
371,CD300LG,0.006135226801189044,chr12:52400907-52401523
371,HTR3C,0.006027921969989735,chr12:52400907-52401523
371,ATP10B,0.00596222424858253,chr12:52400907-52401523
371,GPR87,0.0059006986922465424,chr12:52400907-52401523
371,ANGPTL7,0.005758949516600755,chr12:52400907-52401523
535,CXCL13,0.016494001975565515,chr19:10231566-10231711
535,KRT16,0.010518042430309477,chr19:10231566-10231711
535,ADCY8,0.010454948317824153,chr19:10231566-10231711
535,MYEOV,0.010078315886300131,chr19:10231566-10231711
535,PITX1,0.009852611089255085,chr19:10231566-10231711
535,ANGPT4,0.008383374933586768,chr19:10231566-10231711
535,ZYG11A,0.008289633566879426,chr19:10231566-10231711
535,CYP24A1,0.007454500520940851,chr19:10231566-10231711
535,FAM83A,0.007409322632210345,chr19:10231566-10231711
535,LOC149620,0.0068801636478132075,chr19:10231566-10231711
535,ATP10B,0.006850743469091433,chr19:10231566-10231711
535,AKR1B10,0.006659345985809973,chr19:10231566-10231711
535,C13orf36,0.0063166931866786525,chr19:10231566-10231711
535,RS1,0.006241819552820803,chr19:10231566-10231711
535,GPR87,0.006139088540026783,chr19:10231566-10231711
535,GPR115,0.0058955620965599935,chr19:10231566-10231711
535,CST1,0.005746679738716404,chr19:10231566-10231711
535,HTR3C,0.005475197430336038,chr19:10231566-10231711
535,ABCA12,0.0054670046191904334,chr19:10231566-10231711
535,ODAM,0.005261710737128175,chr19:10231566-10231711
421,CXCL13,0.010710971403136265,chr13:114065669-114065897
421,ADCY8,0.00866897731027727,chr13:114065669-114065897
421,SLC6A4,0.00802693202207396,chr13:114065669-114065897
421,ANGPT4,0.007838893509241272,chr13:114065669-114065897
421,C13orf36,0.007551357066114607,chr13:114065669-114065897
421,WNT3A,0.007504934788218156,chr13:114065669-114065897
421,ODAM,0.007460550945717269,chr13:114065669-114065897
421,FAM83A,0.007310275458633969,chr13:114065669-114065897
421,CYP24A1,0.007186852540375031,chr13:114065669-114065897
421,HTR3A,0.007090410646733145,chr13:114065669-114065897
421,RS1,0.006953803605246968,chr13:114065669-114065897
421,ZYG11A,0.006855051544533334,chr13:114065669-114065897
421,ANGPTL7,0.006690630169959829,chr13:114065669-114065897
421,CD300LG,0.006605663627577372,chr13:114065669-114065897
421,HTR3C,0.006182387177561594,chr13:114065669-114065897
421,NXF3,0.0060864445820535545,chr13:114065669-114065897
421,C10orf67,0.005949315186251816,chr13:114065669-114065897
421,RBP2,0.005853480346981688,chr13:114065669-114065897
421,ATP10B,0.005794308131906345,chr13:114065669-114065897
421,ITLN2,0.005719959668365355,chr13:114065669-114065897
405,CXCL13,0.014763201145736884,chr13:41593385-41593519
405,ADCY8,0.0115150127088771,chr13:41593385-41593519
405,CST1,0.00910124963324303,chr13:41593385-41593519
405,ANGPT4,0.008382025121778576,chr13:41593385-41593519
405,CYP24A1,0.00812285136570372,chr13:41593385-41593519
405,GPR115,0.008098880441298612,chr13:41593385-41593519
405,KRT16,0.008048875282119752,chr13:41593385-41593519
405,PITX1,0.007741889064501045,chr13:41593385-41593519
405,MYEOV,0.007635290146137537,chr13:41593385-41593519
405,GPR87,0.007446374831945007,chr13:41593385-41593519
405,ZYG11A,0.007268605772562367,chr13:41593385-41593519
405,LOC149620,0.0067411661580470935,chr13:41593385-41593519
405,ATP10B,0.006402631355409192,chr13:41593385-41593519
405,HTR3A,0.0059370210445951754,chr13:41593385-41593519
405,RS1,0.005906345424264626,chr13:41593385-41593519
405,C13orf36,0.005783866738674003,chr13:41593385-41593519
405,ODAM,0.005246741259886477,chr13:41593385-41593519
405,CD300LG,0.00524494184962867,chr13:41593385-41593519
405,ANGPTL7,0.004840384867967814,chr13:41593385-41593519
405,COL11A1,0.004792826489670611,chr13:41593385-41593519
548,CXCL13,0.013663620135512188,chr19:52222446-52223099
548,ADCY8,0.012403051982823684,chr19:52222446-52223099
548,ANGPT4,0.010516294415864788,chr19:52222446-52223099
548,MYEOV,0.008134014540025688,chr19:52222446-52223099
548,ATP10B,0.007952394660273051,chr19:52222446-52223099
548,CST1,0.006868649820582315,chr19:52222446-52223099
548,C13orf36,0.006462003377731719,chr19:52222446-52223099
548,RS1,0.006457845792506451,chr19:52222446-52223099
548,KRT16,0.006423239077056068,chr19:52222446-52223099
548,CYP24A1,0.006346450270851646,chr19:52222446-52223099
548,AKR1B10,0.006260084233647469,chr19:52222446-52223099
548,CYP1A2,0.006137218092219522,chr19:52222446-52223099
548,SLC6A4,0.006082079757473556,chr19:52222446-52223099
548,HTR3C,0.005797435886694186,chr19:52222446-52223099
548,ANGPTL7,0.005625273004910318,chr19:52222446-52223099
548,LOC149620,0.005349682866200534,chr19:52222446-52223099
548,PITX1,0.005348146267326627,chr19:52222446-52223099
548,RBP2,0.005324608742939286,chr19:52222446-52223099
548,GPR115,0.00527842862970316,chr19:52222446-52223099
548,ZYG11A,0.005257597141890174,chr19:52222446-52223099
322,CXCL13,0.013653928671053637,chr11:393328-393606
322,FAM83A,0.010789839888853564,chr11:393328-393606
322,ADCY8,0.008947703367412251,chr11:393328-393606
322,PITX1,0.008439940403440654,chr11:393328-393606
322,CYP24A1,0.008097708695132605,chr11:393328-393606
322,MYEOV,0.008022354756738896,chr11:393328-393606
322,C13orf36,0.008022273668067055,chr11:393328-393606
322,ANGPT4,0.007935263907984016,chr11:393328-393606
322,ATP10B,0.007498026313054996,chr11:393328-393606
322,ZYG11A,0.007112150618373697,chr11:393328-393606
322,C10orf67,0.0071100434983649334,chr11:393328-393606
322,HTR3A,0.0066012121150324015,chr11:393328-393606
322,HHIPL2,0.00631841289172034,chr11:393328-393606
322,LOC149620,0.0061486065090821575,chr11:393328-393606
322,WNT3A,0.005720878796629835,chr11:393328-393606
322,KRT16,0.0056174699491131075,chr11:393328-393606
322,ODAM,0.005449508062589257,chr11:393328-393606
322,GPR115,0.0053046023505753225,chr11:393328-393606
322,HTR3C,0.005222919178233502,chr11:393328-393606
322,RBP2,0.0048302219406892565,chr11:393328-393606
422,CXCL13,0.015324914832492582,chr14:20903410-20903611
422,ADCY8,0.010049647540591502,chr14:20903410-20903611
422,FAM83A,0.008415403791116449,chr14:20903410-20903611
422,CYP24A1,0.008152947073507893,chr14:20903410-20903611
422,ANGPT4,0.008088477852515357,chr14:20903410-20903611
422,PITX1,0.008059033716993293,chr14:20903410-20903611
422,ZYG11A,0.008001936159965346,chr14:20903410-20903611
422,MYEOV,0.00774328983965228,chr14:20903410-20903611
422,C13orf36,0.007130507540344726,chr14:20903410-20903611
422,ATP10B,0.006919160778200982,chr14:20903410-20903611
422,KRT16,0.0068119547575941275,chr14:20903410-20903611
422,LOC149620,0.0064341174264975634,chr14:20903410-20903611
422,HTR3A,0.005972548868920985,chr14:20903410-20903611
422,GPR115,0.00595352162763936,chr14:20903410-20903611
422,ODAM,0.005758129698313465,chr14:20903410-20903611
422,CST1,0.005628015712511314,chr14:20903410-20903611
422,RS1,0.005555043564338272,chr14:20903410-20903611
422,HTR3C,0.00509418357487581,chr14:20903410-20903611
422,CD300LG,0.004944922723219899,chr14:20903410-20903611
422,HHIPL2,0.004881278428970515,chr14:20903410-20903611
107,ADCY8,0.012423024709944898,chr6:33943662-33943929
107,CXCL13,0.012277863361914276,chr6:33943662-33943929
107,GPR115,0.00828770602716313,chr6:33943662-33943929
107,ZYG11A,0.008167311813242753,chr6:33943662-33943929
107,MYEOV,0.008103878112971261,chr6:33943662-33943929
107,KRT16,0.007945706164288257,chr6:33943662-33943929
107,CYP24A1,0.007826927747172108,chr6:33943662-33943929
107,GPR87,0.00769846313226358,chr6:33943662-33943929
107,RS1,0.007514545038419819,chr6:33943662-33943929
107,FAM83A,0.007428643372061083,chr6:33943662-33943929
107,PITX1,0.006897274706014357,chr6:33943662-33943929
107,CST1,0.0067975289549548805,chr6:33943662-33943929
107,PTPRH,0.005959013897396991,chr6:33943662-33943929
107,HTR3A,0.0053436178687592956,chr6:33943662-33943929
107,HHIPL2,0.0052742476740743815,chr6:33943662-33943929
107,AKR1B10,0.005125087389862523,chr6:33943662-33943929
107,C13orf36,0.005120681206106039,chr6:33943662-33943929
107,ODAM,0.005067500715349988,chr6:33943662-33943929
107,ANGPT4,0.004971989535304823,chr6:33943662-33943929
107,CD300LG,0.004930100519509171,chr6:33943662-33943929
67,CXCL13,0.016348403983007017,chr5:178004012-178004204
67,KRT16,0.014429828041646416,chr5:178004012-178004204
67,PITX1,0.012712898328893137,chr5:178004012-178004204
67,ADCY8,0.010069831675487981,chr5:178004012-178004204
67,MYEOV,0.009157859819291455,chr5:178004012-178004204
67,FAM83A,0.008957744589834157,chr5:178004012-178004204
67,ZYG11A,0.00851676518324982,chr5:178004012-178004204
67,GPR87,0.008218885706376237,chr5:178004012-178004204
67,ABCA12,0.00717195897705667,chr5:178004012-178004204
67,LOC149620,0.006418256867255591,chr5:178004012-178004204
67,ANGPT4,0.006162142828801493,chr5:178004012-178004204
67,GPR115,0.006159151589293898,chr5:178004012-178004204
67,RS1,0.0060503207183872565,chr5:178004012-178004204
67,CYP24A1,0.006003084153535265,chr5:178004012-178004204
67,CST1,0.005837637541618465,chr5:178004012-178004204
67,SLCO1A2,0.005588955835590486,chr5:178004012-178004204
67,ATP10B,0.005426904602004996,chr5:178004012-178004204
67,C13orf36,0.005319078861889624,chr5:178004012-178004204
67,AKR1B10,0.005265880167721955,chr5:178004012-178004204
67,HTR3C,0.0048749659925746425,chr5:178004012-178004204
299,CXCL13,0.01122545538160328,chr10:103043991-103044194
299,ADCY8,0.009811319016207415,chr10:103043991-103044194
299,ZYG11A,0.009375131312206922,chr10:103043991-103044194
299,FAM83A,0.008591494204978293,chr10:103043991-103044194
299,RS1,0.007857036333490247,chr10:103043991-103044194
299,CYP24A1,0.007743447675908755,chr10:103043991-103044194
299,ODAM,0.007557246284891099,chr10:103043991-103044194
299,HTR3A,0.0066892712566082825,chr10:103043991-103044194
299,CD300LG,0.00648053287328403,chr10:103043991-103044194
299,C13orf36,0.006237054830090918,chr10:103043991-103044194
299,GPR115,0.005821165296863209,chr10:103043991-103044194
299,SLC6A4,0.005614565475990437,chr10:103043991-103044194
299,PTPRH,0.005531032122714931,chr10:103043991-103044194
299,WNT3A,0.00542600465631579,chr10:103043991-103044194
299,ANGPTL7,0.005395419366043115,chr10:103043991-103044194
299,COL11A1,0.005341327534822989,chr10:103043991-103044194
299,HHIPL2,0.005227650091536973,chr10:103043991-103044194
299,HTR3C,0.005207674501179256,chr10:103043991-103044194
299,C10orf67,0.005118399382815894,chr10:103043991-103044194
299,ANGPT4,0.0047712365885444535,chr10:103043991-103044194
59,ADCY8,0.012262457140738422,chr5:151066460-151066662
59,CXCL13,0.0094531849490045,chr5:151066460-151066662
59,RS1,0.008391973284143312,chr5:151066460-151066662
59,PTPRH,0.008177585563974684,chr5:151066460-151066662
59,ZYG11A,0.007960478694780535,chr5:151066460-151066662
59,CYP24A1,0.00764890441172734,chr5:151066460-151066662
59,FAM83A,0.006665059298808336,chr5:151066460-151066662
59,ODAM,0.0066370850957770304,chr5:151066460-151066662
59,GPR115,0.00654506938786617,chr5:151066460-151066662
59,HTR3A,0.006449794832507451,chr5:151066460-151066662
59,SLC6A4,0.006442596365001657,chr5:151066460-151066662
59,C13orf36,0.005766364388851903,chr5:151066460-151066662
59,CD300LG,0.005701005845387396,chr5:151066460-151066662
59,WNT3A,0.005586898227300847,chr5:151066460-151066662
59,ANGPTL7,0.0055598272895641355,chr5:151066460-151066662
59,ANGPT4,0.005513478955885646,chr5:151066460-151066662
59,CST1,0.005167186570543367,chr5:151066460-151066662
59,HTR3C,0.005032884656618554,chr5:151066460-151066662
59,MYEOV,0.004997110495308288,chr5:151066460-151066662
59,PTPRQ,0.004648045716854662,chr5:151066460-151066662
100,RS1,0.009574115265913999,chr6:30094980-30095762
100,CXCL13,0.009367638808918258,chr6:30094980-30095762
100,HTR3C,0.00815736988303681,chr6:30094980-30095762
100,ANGPTL7,0.0072878509983802875,chr6:30094980-30095762
100,AKR1B10,0.007223644185058886,chr6:30094980-30095762
100,CD300LG,0.007194046743320114,chr6:30094980-30095762
100,ANGPT4,0.006952935407323676,chr6:30094980-30095762
100,C13orf36,0.006920760260340812,chr6:30094980-30095762
100,ODAM,0.006915041046725327,chr6:30094980-30095762
100,CYP1A2,0.006774899805453336,chr6:30094980-30095762
100,NXF3,0.006670918407183077,chr6:30094980-30095762
100,RBP2,0.006595874335644454,chr6:30094980-30095762
100,CYP24A1,0.006533909251591069,chr6:30094980-30095762
100,KRT16,0.00635893753642736,chr6:30094980-30095762
100,LOC149620,0.006294489810342261,chr6:30094980-30095762
100,ADCY8,0.006293128304149199,chr6:30094980-30095762
100,FAM83A,0.006115837638726469,chr6:30094980-30095762
100,C10orf67,0.005815127163761714,chr6:30094980-30095762
100,SLC6A4,0.0057212688204597,chr6:30094980-30095762
100,PITX1,0.005675222561275258,chr6:30094980-30095762
664,ADCY8,0.011576775068401322,chr1:248100407-248100585
664,RS1,0.010025456491552941,chr1:248100407-248100585
664,PTPRH,0.009371087817341453,chr1:248100407-248100585
664,SLC6A4,0.008062285400180983,chr1:248100407-248100585
664,CYP24A1,0.007671444719305784,chr1:248100407-248100585
664,CXCL13,0.007562493609313044,chr1:248100407-248100585
664,ANGPTL7,0.007109033702485715,chr1:248100407-248100585
664,C13orf36,0.00699938491302702,chr1:248100407-248100585
664,NXF3,0.0069447833280954,chr1:248100407-248100585
664,HTR3C,0.00686371269346127,chr1:248100407-248100585
664,ANGPT4,0.006693429907716657,chr1:248100407-248100585
664,WNT3A,0.0065670764429207286,chr1:248100407-248100585
664,CYP1A2,0.006468726785011673,chr1:248100407-248100585
664,CD300LG,0.006378833236823521,chr1:248100407-248100585
664,ODAM,0.006378256780297108,chr1:248100407-248100585
664,FAM83A,0.006184316514414395,chr1:248100407-248100585
664,AKR1B10,0.005906339680319878,chr1:248100407-248100585
664,RBP2,0.0057079402834512094,chr1:248100407-248100585
664,PTPRQ,0.005632626063798837,chr1:248100407-248100585
664,ATP10B,0.005486338513303444,chr1:248100407-248100585
381,ADCY8,0.014280114948398856,chr12:54423428-54424679
381,CXCL13,0.008963909762255551,chr12:54423428-54424679
381,CST1,0.008954761762087832,chr12:54423428-54424679
381,GPR115,0.007736049042812645,chr12:54423428-54424679
381,ANGPT4,0.0073292234533413525,chr12:54423428-54424679
381,HTR3A,0.00699955222335658,chr12:54423428-54424679
381,GPR87,0.006488100727322101,chr12:54423428-54424679
381,SLC6A4,0.006411832950379374,chr12:54423428-54424679
381,RS1,0.006241352311662273,chr12:54423428-54424679
381,PTPRH,0.006018400131766278,chr12:54423428-54424679
381,ATP10B,0.005995923431908727,chr12:54423428-54424679
381,KRT16,0.0056715981233769275,chr12:54423428-54424679
381,CYP24A1,0.005422541826775729,chr12:54423428-54424679
381,MYEOV,0.005347776669134463,chr12:54423428-54424679
381,CYP1A2,0.0052880582081007,chr12:54423428-54424679
381,FAM83A,0.005142596024704704,chr12:54423428-54424679
381,C13orf36,0.005135813351478623,chr12:54423428-54424679
381,RBP2,0.00482572201573759,chr12:54423428-54424679
381,PPP1R14D,0.004568122114942648,chr12:54423428-54424679
381,ANGPTL7,0.004430981510584288,chr12:54423428-54424679
670,ADCY8,0.010498819479486643,chr2:3642629-3642732
670,RS1,0.010071896477881566,chr2:3642629-3642732
670,CXCL13,0.009402964875375576,chr2:3642629-3642732
670,PTPRH,0.00906856752831844,chr2:3642629-3642732
670,AKR1B10,0.008731400109972793,chr2:3642629-3642732
670,CYP24A1,0.008505330160908636,chr2:3642629-3642732
670,MYEOV,0.007584513062355869,chr2:3642629-3642732
670,HTR3C,0.00701121442860004,chr2:3642629-3642732
670,ANGPTL7,0.006824293252890063,chr2:3642629-3642732
670,ZYG11A,0.006680871388046579,chr2:3642629-3642732
670,ODAM,0.006656591825784623,chr2:3642629-3642732
670,C13orf36,0.006648286343246644,chr2:3642629-3642732
670,ANGPT4,0.006603580929627396,chr2:3642629-3642732
670,CD300LG,0.006442720944099807,chr2:3642629-3642732
670,FAM83A,0.005909623525806907,chr2:3642629-3642732
670,SLC6A4,0.0058230551138681585,chr2:3642629-3642732
670,NXF3,0.005693846976158841,chr2:3642629-3642732
670,CYP1A2,0.005677802496704925,chr2:3642629-3642732
670,WNT3A,0.005614494284268469,chr2:3642629-3642732
670,ATP10B,0.005367556474826624,chr2:3642629-3642732
416,ADCY8,0.012139178618341998,chr13:112716728-112717707
416,FAM83A,0.008770312536193639,chr13:112716728-112717707
416,CXCL13,0.007451453273740146,chr13:112716728-112717707
416,PTPRH,0.0073787300862740365,chr13:112716728-112717707
416,RS1,0.007092256289844314,chr13:112716728-112717707
416,MYEOV,0.006749226747446246,chr13:112716728-112717707
416,C10orf67,0.0065216832653028954,chr13:112716728-112717707
416,ANGPT4,0.006466395362093861,chr13:112716728-112717707
416,C13orf36,0.006458036439148133,chr13:112716728-112717707
416,ATP10B,0.006350112498207474,chr13:112716728-112717707
416,CYP1A2,0.005928416806413511,chr13:112716728-112717707
416,CYP24A1,0.005636124024825397,chr13:112716728-112717707
416,HTR3C,0.005449545334392458,chr13:112716728-112717707
416,SLC6A4,0.005437388657191013,chr13:112716728-112717707
416,AKR1B10,0.0053843787255473475,chr13:112716728-112717707
416,NXF3,0.005366927224803996,chr13:112716728-112717707
416,GPR115,0.005134978842854439,chr13:112716728-112717707
416,HTR3A,0.005077514363366842,chr13:112716728-112717707
416,RBP2,0.005035412518317221,chr13:112716728-112717707
416,ANGPTL7,0.004895225131438617,chr13:112716728-112717707
130,ANGPT4,0.010683844263000545,chr6:101846767-101847706
130,CXCL13,0.010459745546681849,chr6:101846767-101847706
130,ATP10B,0.00840238837678123,chr6:101846767-101847706
130,MYEOV,0.008145104641961349,chr6:101846767-101847706
130,LOC149620,0.007467075116246965,chr6:101846767-101847706
130,C13orf36,0.0074587602175929125,chr6:101846767-101847706
130,HTR3C,0.007033303508272952,chr6:101846767-101847706
130,CYP1A2,0.007025403458146724,chr6:101846767-101847706
130,ABCA12,0.0068878617904189155,chr6:101846767-101847706
130,WNT3A,0.006839693079745012,chr6:101846767-101847706
130,PITX1,0.00675933468202567,chr6:101846767-101847706
130,AKR1B10,0.006635487484662279,chr6:101846767-101847706
130,ANGPTL7,0.006341251745035297,chr6:101846767-101847706
130,NXF3,0.006041808122519078,chr6:101846767-101847706
130,RBP2,0.006007897658883813,chr6:101846767-101847706
130,FAM83A,0.005705750431592159,chr6:101846767-101847706
130,C10orf67,0.00561185565173203,chr6:101846767-101847706
130,KRT16,0.005502828844206637,chr6:101846767-101847706
130,CYP24A1,0.005371755410577776,chr6:101846767-101847706
130,ODAM,0.005076644460781148,chr6:101846767-101847706
594,FAM83A,0.009321297144723456,chr1:47694919-47695475
594,C10orf67,0.008764569040519662,chr1:47694919-47695475
594,WNT3A,0.008547712162866625,chr1:47694919-47695475
594,C13orf36,0.007928708228929413,chr1:47694919-47695475
594,CXCL13,0.007776644872121293,chr1:47694919-47695475
594,ANGPT4,0.0072570946778655965,chr1:47694919-47695475
594,ADCY8,0.006627156480146455,chr1:47694919-47695475
594,SLC6A4,0.006517504754286065,chr1:47694919-47695475
594,CYP24A1,0.006473199397640653,chr1:47694919-47695475
594,PTPRQ,0.006452709716377815,chr1:47694919-47695475
594,ATP10B,0.006326319169429739,chr1:47694919-47695475
594,NXF3,0.00607433910499691,chr1:47694919-47695475
594,ODAM,0.006066543707473694,chr1:47694919-47695475
594,ANGPTL7,0.006009214189674503,chr1:47694919-47695475
594,HTR3C,0.005933604425915932,chr1:47694919-47695475
594,HTR3A,0.005817310478040552,chr1:47694919-47695475
594,ITLN2,0.005518766731052642,chr1:47694919-47695475
594,RS1,0.005435746228076517,chr1:47694919-47695475
594,PTPRH,0.005314369808268493,chr1:47694919-47695475
594,CYP1A2,0.005301597649737214,chr1:47694919-47695475
554,CXCL13,0.013360756405612375,chr19:57617602-57618436
554,MYEOV,0.009822761914863204,chr19:57617602-57618436
554,ADCY8,0.009413190697575874,chr19:57617602-57618436
554,AKR1B10,0.008846170452755759,chr19:57617602-57618436
554,KRT16,0.008610222631502249,chr19:57617602-57618436
554,ANGPT4,0.007645517246361118,chr19:57617602-57618436
554,ZYG11A,0.006907767393391257,chr19:57617602-57618436
554,PITX1,0.006890155214988715,chr19:57617602-57618436
554,RS1,0.006619166006975317,chr19:57617602-57618436
554,CYP24A1,0.006406135265302036,chr19:57617602-57618436
554,ATP10B,0.005748038693637597,chr19:57617602-57618436
554,LOC149620,0.00563805823876528,chr19:57617602-57618436
554,HTR3C,0.005324540561167175,chr19:57617602-57618436
554,GPR87,0.005206531222350494,chr19:57617602-57618436
554,C13orf36,0.005005481317803393,chr19:57617602-57618436
554,SLCO1A2,0.005001114494548124,chr19:57617602-57618436
554,GPR115,0.004786632708391231,chr19:57617602-57618436
554,ODAM,0.004678799032231298,chr19:57617602-57618436
554,CST1,0.004564305443707899,chr19:57617602-57618436
554,ANGPTL7,0.0045414195668815665,chr19:57617602-57618436
13,CXCL13,0.010575431635435603,chr5:5139853-5140029
13,ADCY8,0.009843340224842364,chr5:5139853-5140029
13,ZYG11A,0.00981535356353834,chr5:5139853-5140029
13,RS1,0.009641703912017113,chr5:5139853-5140029
13,AKR1B10,0.00874156597640431,chr5:5139853-5140029
13,CYP24A1,0.008682458502218418,chr5:5139853-5140029
13,PTPRH,0.008488988239607477,chr5:5139853-5140029
13,MYEOV,0.007953590406896891,chr5:5139853-5140029
13,ODAM,0.007674724986715217,chr5:5139853-5140029
13,FAM83A,0.007622714815006389,chr5:5139853-5140029
13,CD300LG,0.006439927139544451,chr5:5139853-5140029
13,HTR3C,0.00610341479883275,chr5:5139853-5140029
13,C13orf36,0.005928886031276769,chr5:5139853-5140029
13,ANGPTL7,0.00583703842962328,chr5:5139853-5140029
13,GPR115,0.005576940886934834,chr5:5139853-5140029
13,WNT3A,0.005438548684873915,chr5:5139853-5140029
13,CA9,0.005214699421888442,chr5:5139853-5140029
13,ANGPT4,0.0046229164056302684,chr5:5139853-5140029
13,RPL13AP17,0.004208788644161071,chr5:5139853-5140029
13,PTPRQ,0.00419428977114076,chr5:5139853-5140029
549,CXCL13,0.01285976761586222,chr19:52391166-52391304
549,ADCY8,0.012654563492545064,chr19:52391166-52391304
549,KRT16,0.00929544145879441,chr19:52391166-52391304
549,ANGPT4,0.007105391947228471,chr19:52391166-52391304
549,RS1,0.00689826905415711,chr19:52391166-52391304
549,GPR87,0.0068211731018937875,chr19:52391166-52391304
549,CST1,0.006607839048048512,chr19:52391166-52391304
549,ZYG11A,0.0063812551488326655,chr19:52391166-52391304
549,FAM83A,0.006363238866760486,chr19:52391166-52391304
549,PITX1,0.006116062073017873,chr19:52391166-52391304
549,MYEOV,0.005541166553181711,chr19:52391166-52391304
549,GPR115,0.005207825916015832,chr19:52391166-52391304
549,ATP10B,0.005030292350502718,chr19:52391166-52391304
549,SLC6A4,0.0049413597976707396,chr19:52391166-52391304
549,HTR3C,0.004902471192827366,chr19:52391166-52391304
549,CYP1A2,0.004799335561864225,chr19:52391166-52391304
549,ABCA12,0.004781257117463717,chr19:52391166-52391304
549,C13orf36,0.0047589702917702325,chr19:52391166-52391304
549,RBP2,0.0046971248122734,chr19:52391166-52391304
549,AKR1B10,0.004601998672287487,chr19:52391166-52391304
768,CXCL13,0.013652831949467469,chr3:112051894-112052405
768,ZYG11A,0.010358022316420511,chr3:112051894-112052405
768,ADCY8,0.009023319810360838,chr3:112051894-112052405
768,RS1,0.008004210303168459,chr3:112051894-112052405
768,KRT16,0.007787885417054442,chr3:112051894-112052405
768,CYP24A1,0.007512244527775755,chr3:112051894-112052405
768,FAM83A,0.0073166437758138275,chr3:112051894-112052405
768,ODAM,0.007012006164309452,chr3:112051894-112052405
768,MYEOV,0.006690416740984634,chr3:112051894-112052405
768,PITX1,0.006466813175289465,chr3:112051894-112052405
768,GPR87,0.006418654021849208,chr3:112051894-112052405
768,CD300LG,0.006209357468608879,chr3:112051894-112052405
768,GPR115,0.005841734247279716,chr3:112051894-112052405
768,AKR1B10,0.005529544062341786,chr3:112051894-112052405
768,LOC149620,0.005118816727429201,chr3:112051894-112052405
768,HTR3C,0.0051015099087350435,chr3:112051894-112052405
768,C13orf36,0.005063950034666275,chr3:112051894-112052405
768,ANGPTL7,0.004549594263393567,chr3:112051894-112052405
768,COL11A1,0.004434727282449127,chr3:112051894-112052405
768,ANGPT4,0.0043664134243110025,chr3:112051894-112052405
265,MYEOV,0.012377429915195652,chr8:104153592-104153643
265,ADCY8,0.009622723168070337,chr8:104153592-104153643
265,CXCL13,0.009085308900366365,chr8:104153592-104153643
265,AKR1B10,0.008929986309346537,chr8:104153592-104153643
265,CYP24A1,0.008416547519357083,chr8:104153592-104153643
265,PTPRH,0.007809609067003698,chr8:104153592-104153643
265,ANGPT4,0.007148562868005677,chr8:104153592-104153643
265,GPR115,0.006840806258694793,chr8:104153592-104153643
265,ATP10B,0.006797247865276214,chr8:104153592-104153643
265,PITX1,0.006712583019120045,chr8:104153592-104153643
265,FAM83A,0.006439896124019158,chr8:104153592-104153643
265,C13orf36,0.006078741878312181,chr8:104153592-104153643
265,RS1,0.005631552482513014,chr8:104153592-104153643
265,KRT16,0.005402723647458666,chr8:104153592-104153643
265,LOC149620,0.004991983233944501,chr8:104153592-104153643
265,HTR3C,0.004928768105988963,chr8:104153592-104153643
265,ZYG11A,0.0047741633715312716,chr8:104153592-104153643
265,ANGPTL7,0.004542996043629003,chr8:104153592-104153643
265,CST1,0.004388024691674121,chr8:104153592-104153643
265,CYP1A2,0.004161998687088576,chr8:104153592-104153643
383,ADCY8,0.009657796732763551,chr12:54447220-54447873
383,ANGPT4,0.0071801642066997295,chr12:54447220-54447873
383,CXCL13,0.0071607697116262735,chr12:54447220-54447873
383,SLC6A4,0.007111145352955063,chr12:54447220-54447873
383,C13orf36,0.006600928650966388,chr12:54447220-54447873
383,RS1,0.006419501211750078,chr12:54447220-54447873
383,HTR3A,0.006388569428033587,chr12:54447220-54447873
383,FAM83A,0.006240137547219677,chr12:54447220-54447873
383,ATP10B,0.006164512989193357,chr12:54447220-54447873
383,CYP24A1,0.006102769712614692,chr12:54447220-54447873
383,CYP1A2,0.005911244325116535,chr12:54447220-54447873
383,NXF3,0.005869535355750503,chr12:54447220-54447873
383,ANGPTL7,0.00580446565602124,chr12:54447220-54447873
383,RBP2,0.005718671936657288,chr12:54447220-54447873
383,PTPRH,0.005673306339098225,chr12:54447220-54447873
383,HTR3C,0.0055450826146484404,chr12:54447220-54447873
383,ITLN2,0.005285657657914998,chr12:54447220-54447873
383,CA4,0.005270765572143704,chr12:54447220-54447873
383,PTPRQ,0.005254340735326403,chr12:54447220-54447873
383,CST1,0.005234595052832582,chr12:54447220-54447873
